username,email,dtime
rare_charles6,charlesthompson@inbox.ru,15/11/2021 08:15
busy_patricia5,patriciasmith@bk.ru,07/11/2021 08:07
tasty-thomas2,thomasmiller@aol.com,01/11/2021 11:01
quiet~elizabeth9,elizabethjackson@rambler.ru,03/11/2021 05:03
strong_thomas9,thomaswhite@iCloud.com,15/11/2021 12:15
hot_david1,davidanderson@rambler.ru,11/11/2021 05:11
cute~william2,williamlee@yandex.ru,12/11/2021 10:12
strong~joseph6,josephlee@list.ru,27/11/2021 02:27
poor-susan9,susanjones@mail.ru,05/11/2021 11:05
sad-elizabeth1,elizabethmartin@gmail.com,17/11/2021 05:17
tasty_michael6,michaelmartinez@rambler.ru,23/11/2021 03:23
clever-linda8,lindamartin@mail.ru,12/11/2021 03:12
kind-daniel4,danieljones@aol.com,12/11/2021 08:12
hot_david7,daviddavis@aol.com,11/11/2021 08:11
brave~richard6,richardrodriguez@yandex.ru,17/11/2021 01:17
angry-elizabeth6,elizabethbrown@bk.ru,25/11/2021 10:25
kind_john5,johnjohnson@internet.ru,30/11/2021 01:30
tasty_william4,williammiller@aol.com,17/11/2021 08:17
poor~susan3,susanjones@mail.ru,27/11/2021 07:27
asleep_david0,davidtaylor@outlook.com,16/11/2021 05:16
big_thomas0,thomasmiller@aol.com,25/11/2021 12:25
quiet~barbara5,barbaramoore@yahoo.com,28/11/2021 01:28
angry-thomas5,thomasmoore@list.ru,20/11/2021 11:20
lonely-charles3,charlesmoore@bk.ru,19/11/2021 02:19
rare-mark6,markmartin@rambler.ru,02/11/2021 02:02
cute_mark5,markdavis@internet.ru,24/11/2021 01:24
dead~maria0,mariawhite@aol.com,17/11/2021 09:17
nice-john4,johnthompson@inbox.ru,12/11/2021 05:12
nice-jennifer9,jenniferrodriguez@rambler.ru,20/11/2021 10:20
fresh-jennifer3,jenniferanderson@yahoo.com,11/11/2021 10:11
hot-joseph3,josephrodriguez@rambler.ru,10/11/2021 07:10
brave~charles3,charlesdavis@gmail.com,27/11/2021 08:27
brave-david9,davidgarcia@yahoo.com,12/11/2021 06:12
quiet~linda1,lindamartinez@aol.com,11/11/2021 12:11
asleep_patricia7,patriciajones@yandex.ru,14/11/2021 05:14
sad-elizabeth8,elizabethjohnson@rambler.ru,24/11/2021 03:24
silent-elizabeth4,elizabethgarcia@inbox.ru,20/11/2021 06:20
silent~patricia2,patriciamartinez@inbox.ru,21/11/2021 09:21
cute~michael5,michaelmartinez@rambler.ru,22/11/2021 07:22
clever_daniel9,danielmartinez@gmail.com,28/11/2021 09:28
asleep-mary7,marythomas@iCloud.com,01/11/2021 03:01
horny_mark5,markanderson@bk.ru,04/11/2021 10:04
strong-john9,johndavis@list.ru,28/11/2021 02:28
angry~maria9,marialee@outlook.com,20/11/2021 03:20
nice~william0,williammoore@yandex.ru,27/11/2021 11:27
rich_mary8,maryjohnson@iCloud.com,07/11/2021 05:07
brave_maria6,mariasmith@aol.com,30/11/2021 09:30
nice_mark1,markrodriguez@iCloud.com,15/11/2021 07:15
rare~maria6,mariathompson@aol.com,08/11/2021 01:08
tasty~linda6,lindabrown@gmail.com,08/11/2021 08:08
thebest_mary9,maryrodriguez@gmail.com,20/11/2021 07:20
quiet-joseph4,josephrodriguez@rambler.ru,01/11/2021 09:01
rich~mark9,markwilliams@yandex.ru,16/11/2021 07:16
horny-joseph3,josephbrown@list.ru,30/11/2021 04:30
cool_maria4,mariamoore@aol.com,23/11/2021 01:23
rare_thomas5,thomasbrown@yandex.ru,13/11/2021 04:13
silent_patricia2,patriciadavis@mail.ru,23/11/2021 04:23
strong_thomas0,thomasgarcia@internet.ru,15/11/2021 06:15
kind_maria1,mariawilliams@rambler.ru,06/11/2021 08:06
poor~daniel3,danieljackson@bk.ru,08/11/2021 07:08
happy_robert5,robertmartinez@internet.ru,13/11/2021 08:13
rich_robert3,robertmartin@mail.ru,11/11/2021 03:11
kind_richard4,richardmiller@list.ru,30/11/2021 08:30
rare_elizabeth2,elizabethmartin@gmail.com,21/11/2021 06:21
tasty_joseph1,josephmoore@mail.ru,10/11/2021 01:10
clever~mark9,markwilliams@yandex.ru,07/11/2021 08:07
hot~david5,davidanderson@rambler.ru,12/11/2021 06:12
brave-charles7,charlesmartinez@aol.com,24/11/2021 11:24
clever_david6,davidbrown@mail.ru,10/11/2021 01:10
nice~william2,williammartin@iCloud.com,20/11/2021 09:20
happy-william9,williamjackson@bk.ru,14/11/2021 02:14
asleep-charles9,charlesanderson@outlook.com,01/11/2021 10:01
dead-thomas5,thomasjackson@yahoo.com,09/11/2021 09:09
kind~thomas4,thomasjones@outlook.com,14/11/2021 07:14
horny-mark5,markmiller@gmail.com,20/11/2021 01:20
lonely-elizabeth9,elizabethjackson@rambler.ru,29/11/2021 02:29
rich_william8,williamlee@yandex.ru,23/11/2021 01:23
poor~thomas9,thomasthomas@aol.com,24/11/2021 02:24
happy_charles7,charlesthompson@inbox.ru,16/11/2021 05:16
nice_maria4,mariamartin@iCloud.com,10/11/2021 06:10
cute-charles5,charlesbrown@inbox.ru,24/11/2021 05:24
thebest~susan4,susangarcia@rambler.ru,20/11/2021 10:20
brave_william3,williamthomas@internet.ru,23/11/2021 10:23
tired_patricia4,patriciawilson@mail.ru,23/11/2021 05:23
old-robert4,robertmiller@outlook.com,01/11/2021 05:01
lonely_elizabeth3,elizabeththomas@aol.com,02/11/2021 02:02
lonely~linda4,lindawilliams@list.ru,28/11/2021 10:28
hot-james6,jameswilliams@gmail.com,16/11/2021 02:16
horny-mary0,marymiller@inbox.ru,10/11/2021 07:10
horny~linda2,lindaanderson@list.ru,14/11/2021 03:14
thebest_barbara5,barbaramartinez@bk.ru,30/11/2021 05:30
lonely~robert7,robertjackson@mail.ru,10/11/2021 03:10
busy_james3,jamesthompson@internet.ru,17/11/2021 05:17
sad~david4,davidlee@internet.ru,23/11/2021 07:23
kind~robert7,robertlee@outlook.com,28/11/2021 02:28
busy_richard8,richardjones@inbox.ru,30/11/2021 11:30
dead_charles5,charlesjones@gmail.com,15/11/2021 01:15
poor-mary8,marygarcia@gmail.com,21/11/2021 07:21
tired_elizabeth9,elizabethjones@mail.ru,16/11/2021 11:16
horny_elizabeth0,elizabethrodriguez@inbox.ru,05/11/2021 06:05
angry-jennifer9,jenniferjones@yandex.ru,21/11/2021 08:21
strong_barbara4,barbarabrown@rambler.ru,06/11/2021 07:06
rare~james6,jamesrodriguez@gmail.com,22/11/2021 03:22
happy~david9,davidjones@list.ru,15/11/2021 04:15
kind~thomas6,thomaswilliams@iCloud.com,14/11/2021 02:14
strong~robert5,robertdavis@yandex.ru,19/11/2021 10:19
angry~william2,williamwhite@outlook.com,23/11/2021 03:23
lonely~maria0,mariarodriguez@outlook.com,18/11/2021 04:18
horny_michael4,michaelmiller@aol.com,06/11/2021 12:06
asleep~mary3,marydavis@gmail.com,28/11/2021 10:28
cute_john1,johnjones@aol.com,28/11/2021 08:28
cute-daniel2,danieljohnson@inbox.ru,25/11/2021 03:25
big_william7,williamwilliams@iCloud.com,10/11/2021 02:10
fresh-patricia1,patriciawhite@bk.ru,19/11/2021 10:19
dead_joseph8,josephthompson@gmail.com,15/11/2021 01:15
busy-elizabeth3,elizabethgarcia@inbox.ru,17/11/2021 03:17
silent-william5,williamgarcia@inbox.ru,02/11/2021 04:02
thebest_robert3,robertwilliams@list.ru,22/11/2021 11:22
busy_james4,jamesmartin@gmail.com,09/11/2021 04:09
hot-charles5,charlesmartin@rambler.ru,14/11/2021 03:14
rare~richard9,richardthomas@internet.ru,02/11/2021 03:02
brave~charles2,charlesrodriguez@outlook.com,27/11/2021 07:27
dead-maria5,marialee@outlook.com,30/11/2021 06:30
old_william5,williamsmith@yahoo.com,08/11/2021 10:08
tasty~mary9,marywhite@yandex.ru,15/11/2021 05:15
quiet_daniel2,danieldavis@gmail.com,08/11/2021 02:08
sad_james9,jamesmoore@gmail.com,01/11/2021 01:01
silent-richard8,richardwilliams@bk.ru,30/11/2021 08:30
poor-richard9,richardjohnson@mail.ru,03/11/2021 01:03
strong~david9,davidjohnson@mail.ru,07/11/2021 06:07
thebest_susan1,susanthompson@inbox.ru,05/11/2021 10:05
sad-elizabeth4,elizabeththomas@aol.com,10/11/2021 11:10
clever~mary9,marywilliams@list.ru,08/11/2021 11:08
horny~james3,jameswilson@yahoo.com,17/11/2021 07:17
cute_daniel5,danielwhite@yandex.ru,19/11/2021 07:19
horny-susan2,susanrodriguez@inbox.ru,09/11/2021 02:09
rare_linda7,lindamoore@internet.ru,30/11/2021 01:30
fresh~richard6,richardbrown@yahoo.com,10/11/2021 02:10
rare_patricia5,patriciamartinez@inbox.ru,15/11/2021 12:15
hot_jennifer4,jennifermoore@iCloud.com,12/11/2021 05:12
nice_james8,jamesthomas@gmail.com,18/11/2021 12:18
sad_daniel5,danieltaylor@bk.ru,13/11/2021 05:13
old-joseph5,josephjohnson@rambler.ru,26/11/2021 12:26
kind_john9,johnwilson@outlook.com,03/11/2021 06:03
tasty~robert1,robertmoore@mail.ru,18/11/2021 07:18
angry~william7,williamgarcia@inbox.ru,10/11/2021 10:10
tired-james4,jamesgarcia@internet.ru,16/11/2021 12:16
tasty~michael7,michaeljohnson@inbox.ru,13/11/2021 10:13
nice-richard1,richardmiller@list.ru,11/11/2021 08:11
clever_elizabeth2,elizabethmartinez@rambler.ru,07/11/2021 12:07
old~robert7,robertthompson@outlook.com,23/11/2021 05:23
cute-daniel9,danielmartin@inbox.ru,24/11/2021 11:24
clever-joseph3,josephtaylor@aol.com,27/11/2021 12:27
nice-john5,johntaylor@internet.ru,18/11/2021 03:18
hot_william1,williamwilliams@iCloud.com,28/11/2021 06:28
asleep~james7,jamesmiller@outlook.com,14/11/2021 01:14
strong-jennifer7,jenniferthomas@iCloud.com,11/11/2021 08:11
fresh_thomas4,thomasdavis@gmail.com,19/11/2021 12:19
kind~elizabeth4,elizabethbrown@bk.ru,29/11/2021 05:29
sad_robert2,robertrodriguez@gmail.com,21/11/2021 08:21
silent_david0,daviddavis@aol.com,19/11/2021 07:19
quiet~susan3,susanjohnson@mail.ru,21/11/2021 08:21
angry-john3,johnmartinez@inbox.ru,13/11/2021 05:13
cool~richard4,richardmiller@list.ru,06/11/2021 06:06
fresh~barbara5,barbarawilson@yandex.ru,12/11/2021 02:12
quiet_susan7,susanmartinez@yahoo.com,01/11/2021 10:01
fresh_john1,johnthompson@inbox.ru,14/11/2021 03:14
fresh_barbara2,barbarawilliams@aol.com,22/11/2021 02:22
poor_maria5,mariabrown@list.ru,04/11/2021 02:04
asleep_joseph9,josephthomas@gmail.com,07/11/2021 11:07
nice~elizabeth8,elizabeththompson@outlook.com,01/11/2021 09:01
tired-thomas6,thomasjones@outlook.com,20/11/2021 04:20
tasty-john7,johntaylor@internet.ru,04/11/2021 07:04
nice~elizabeth0,elizabethlee@mail.ru,30/11/2021 09:30
nice_james1,jamesbrown@inbox.ru,07/11/2021 01:07
tired_mark5,markjohnson@rambler.ru,23/11/2021 05:23
poor-daniel0,danieltaylor@bk.ru,30/11/2021 11:30
dead-barbara6,barbaramartin@internet.ru,12/11/2021 03:12
thebest_barbara5,barbarajones@mail.ru,21/11/2021 07:21
nice-richard9,richardthomas@internet.ru,07/11/2021 01:07
strong_barbara3,barbaramartin@internet.ru,11/11/2021 04:11
kind_mark2,markwilson@inbox.ru,25/11/2021 12:25
cute-barbara8,barbaraanderson@bk.ru,07/11/2021 01:07
hot~michael8,michaelthompson@mail.ru,29/11/2021 11:29
busy_barbara7,barbaradavis@aol.com,24/11/2021 08:24
cool~thomas8,thomasjackson@yahoo.com,05/11/2021 09:05
cool~mark3,marksmith@yahoo.com,01/11/2021 12:01
clever-susan5,susanjones@mail.ru,12/11/2021 12:12
old~thomas2,thomaslee@iCloud.com,25/11/2021 03:25
asleep_william3,williambrown@outlook.com,08/11/2021 02:08
happy~joseph1,josephwhite@bk.ru,05/11/2021 11:05
tasty~susan3,susanthomas@mail.ru,22/11/2021 06:22
poor_mary2,marylee@yahoo.com,02/11/2021 03:02
thebest~maria1,mariawhite@aol.com,12/11/2021 02:12
thebest-susan7,susanrodriguez@inbox.ru,16/11/2021 01:16
cool~richard1,richarddavis@gmail.com,19/11/2021 04:19
angry~william8,williamsmith@yahoo.com,16/11/2021 07:16
quiet-joseph6,josephdavis@yahoo.com,15/11/2021 04:15
cute~linda2,lindawilliams@list.ru,13/11/2021 05:13
big~susan5,susanmartinez@yahoo.com,20/11/2021 05:20
tired-linda8,lindamartin@mail.ru,16/11/2021 10:16
strong_robert9,robertsmith@list.ru,19/11/2021 10:19
big~linda7,lindajohnson@gmail.com,10/11/2021 05:10
asleep_joseph0,josephtaylor@aol.com,14/11/2021 05:14
happy~thomas5,thomassmith@yahoo.com,17/11/2021 05:17
nice_mark3,markthompson@iCloud.com,12/11/2021 05:12
quiet~joseph2,josephmartin@internet.ru,19/11/2021 07:19
dead-robert3,robertwhite@outlook.com,23/11/2021 02:23
strong~linda1,lindarodriguez@bk.ru,23/11/2021 02:23
thebest_thomas7,thomasanderson@internet.ru,17/11/2021 09:17
poor_james6,jamestaylor@rambler.ru,14/11/2021 02:14
kind_susan1,susanmartin@gmail.com,05/11/2021 08:05
sad~david3,davidthompson@yahoo.com,23/11/2021 07:23
poor-richard1,richardgarcia@inbox.ru,25/11/2021 04:25
cool-thomas4,thomastaylor@internet.ru,11/11/2021 11:11
busy_james6,jamesthompson@internet.ru,11/11/2021 11:11
kind_mary7,marybrown@yandex.ru,25/11/2021 07:25
strong_john6,johngarcia@mail.ru,09/11/2021 02:09
cute-joseph4,josephjackson@outlook.com,06/11/2021 05:06
poor~mary5,marytaylor@iCloud.com,29/11/2021 11:29
brave_jennifer2,jenniferwhite@yandex.ru,26/11/2021 06:26
busy~charles9,charleslee@yahoo.com,29/11/2021 03:29
kind-joseph8,josephanderson@mail.ru,14/11/2021 08:14
angry_robert5,robertbrown@internet.ru,10/11/2021 03:10
busy_michael4,michaeljohnson@inbox.ru,17/11/2021 05:17
brave_william4,williammartinez@inbox.ru,16/11/2021 07:16
angry~elizabeth6,elizabethmiller@list.ru,20/11/2021 12:20
silent~daniel1,danielthomas@inbox.ru,26/11/2021 11:26
busy_john0,johnwhite@bk.ru,10/11/2021 12:10
nice~richard5,richardmoore@iCloud.com,13/11/2021 02:13
nice-john0,johnthompson@inbox.ru,03/11/2021 07:03
brave~jennifer8,jennifermartin@mail.ru,12/11/2021 09:12
horny-jennifer0,jenniferwilson@aol.com,01/11/2021 03:01
lonely_michael8,michaelanderson@mail.ru,14/11/2021 03:14
hot-michael4,michaelwilliams@inbox.ru,19/11/2021 07:19
clever~jennifer4,jennifergarcia@aol.com,10/11/2021 04:10
dead-daniel5,danieltaylor@bk.ru,08/11/2021 02:08
rare-thomas0,thomasjohnson@bk.ru,30/11/2021 02:30
brave-maria9,mariamiller@iCloud.com,16/11/2021 11:16
tired_james5,jameswilliams@gmail.com,20/11/2021 10:20
happy~david0,davidrodriguez@yandex.ru,13/11/2021 01:13
hot~charles6,charleslee@yahoo.com,13/11/2021 08:13
happy~maria3,mariajackson@yahoo.com,18/11/2021 07:18
cute~susan2,susantaylor@aol.com,26/11/2021 02:26
rare_thomas9,thomasgarcia@internet.ru,10/11/2021 01:10
tired_elizabeth9,elizabeththomas@aol.com,05/11/2021 11:05
thebest-patricia0,patriciamiller@list.ru,21/11/2021 11:21
tired_david8,davidwilson@iCloud.com,28/11/2021 05:28
tasty-robert1,roberttaylor@inbox.ru,16/11/2021 01:16
tired-mary2,marywilliams@list.ru,15/11/2021 01:15
asleep_david7,davidthomas@mail.ru,05/11/2021 08:05
big~patricia7,patriciajackson@gmail.com,24/11/2021 04:24
cool-linda6,lindalee@bk.ru,10/11/2021 05:10
cute_daniel7,danielrodriguez@yahoo.com,30/11/2021 12:30
old~mary4,marydavis@gmail.com,23/11/2021 09:23
clever_robert6,robertgarcia@rambler.ru,07/11/2021 08:07
poor~michael9,michaelgarcia@iCloud.com,02/11/2021 06:02
tired-barbara1,barbararodriguez@internet.ru,01/11/2021 10:01
horny_linda4,lindabrown@gmail.com,20/11/2021 04:20
horny-james8,jamesmoore@gmail.com,11/11/2021 07:11
brave-joseph4,josephwilliams@outlook.com,06/11/2021 07:06
brave-richard1,richardwhite@gmail.com,03/11/2021 01:03
asleep~elizabeth7,elizabethmartin@gmail.com,01/11/2021 07:01
cool_david0,davidsmith@gmail.com,08/11/2021 09:08
poor-daniel4,danielbrown@bk.ru,11/11/2021 06:11
brave-maria1,mariamartinez@outlook.com,06/11/2021 05:06
silent_elizabeth5,elizabethwilson@yandex.ru,07/11/2021 04:07
big-jennifer5,jenniferwilliams@outlook.com,21/11/2021 03:21
nice-robert2,robertwilson@iCloud.com,18/11/2021 04:18
rare_john8,johnmiller@bk.ru,19/11/2021 04:19
poor~susan1,susanwhite@inbox.ru,22/11/2021 02:22
cool~charles7,charlesrodriguez@outlook.com,27/11/2021 06:27
old_mark6,markwhite@gmail.com,11/11/2021 02:11
silent-david7,davidwilliams@list.ru,24/11/2021 02:24
poor~joseph9,josephthompson@gmail.com,14/11/2021 02:14
nice~david7,davidsmith@gmail.com,19/11/2021 08:19
tired_linda8,lindawhite@yandex.ru,25/11/2021 06:25
sad~robert8,robertanderson@yandex.ru,04/11/2021 04:04
rich~michael9,michaeldavis@aol.com,04/11/2021 04:04
rich~richard9,richardbrown@yahoo.com,29/11/2021 10:29
strong~william4,williamanderson@inbox.ru,20/11/2021 08:20
dead_barbara2,barbaradavis@aol.com,06/11/2021 06:06
angry-susan3,susanbrown@yahoo.com,21/11/2021 12:21
lonely-thomas8,thomastaylor@internet.ru,05/11/2021 04:05
busy~susan5,susandavis@outlook.com,20/11/2021 09:20
big_john3,johnmoore@iCloud.com,17/11/2021 07:17
kind-richard0,richardgarcia@inbox.ru,08/11/2021 01:08
rich_mary8,maryanderson@yandex.ru,06/11/2021 04:06
fresh~jennifer9,jennifermartinez@outlook.com,17/11/2021 11:17
nice_barbara4,barbaramartinez@bk.ru,06/11/2021 04:06
angry~michael0,michaelrodriguez@list.ru,23/11/2021 03:23
dead~michael9,michaelsmith@gmail.com,10/11/2021 03:10
brave~david7,davidthompson@yahoo.com,06/11/2021 07:06
poor~john9,johnwilliams@rambler.ru,16/11/2021 12:16
brave-david6,davidmartin@list.ru,28/11/2021 01:28
nice-john2,johnwilliams@rambler.ru,26/11/2021 04:26
silent~joseph8,josephjones@mail.ru,05/11/2021 11:05
dead~robert4,robertmartinez@internet.ru,10/11/2021 01:10
happy_michael3,michaeldavis@aol.com,30/11/2021 09:30
horny_jennifer4,jenniferthompson@yahoo.com,03/11/2021 04:03
rare_john8,johnjones@aol.com,11/11/2021 01:11
poor_charles3,charleswhite@inbox.ru,28/11/2021 11:28
silent-david4,davidwilliams@list.ru,11/11/2021 02:11
fresh-susan5,susanthomas@mail.ru,23/11/2021 08:23
big~thomas6,thomasjones@outlook.com,19/11/2021 11:19
cute-mark0,marktaylor@iCloud.com,29/11/2021 06:29
clever-patricia5,patriciarodriguez@bk.ru,13/11/2021 08:13
tired-william0,williamjones@bk.ru,17/11/2021 06:17
dead-elizabeth8,elizabethsmith@mail.ru,01/11/2021 11:01
clever_barbara5,barbaralee@gmail.com,05/11/2021 01:05
tasty-john9,johnmoore@iCloud.com,13/11/2021 12:13
nice_elizabeth0,elizabethsmith@mail.ru,13/11/2021 09:13
tasty-mark9,markanderson@bk.ru,05/11/2021 11:05
kind-richard4,richardsmith@yahoo.com,07/11/2021 01:07
cool_james9,jamessmith@aol.com,21/11/2021 12:21
cool~michael1,michaeljackson@outlook.com,14/11/2021 09:14
fresh~maria1,mariajones@bk.ru,20/11/2021 12:20
cute~joseph6,josephsmith@mail.ru,16/11/2021 10:16
sad~mark1,markwilliams@yandex.ru,29/11/2021 03:29
poor-william9,williammoore@yandex.ru,02/11/2021 02:02
rich~charles4,charlesgarcia@mail.ru,14/11/2021 10:14
quiet-joseph5,josephdavis@yahoo.com,07/11/2021 11:07
rare-mark9,markjones@internet.ru,10/11/2021 08:10
lonely_mary8,marydavis@gmail.com,28/11/2021 07:28
nice-michael3,michaelmoore@bk.ru,19/11/2021 07:19
thebest_william7,williammartin@iCloud.com,27/11/2021 08:27
asleep~linda0,lindathomas@aol.com,01/11/2021 05:01
thebest_thomas4,thomasrodriguez@bk.ru,02/11/2021 08:02
brave_jennifer3,jennifertaylor@yandex.ru,25/11/2021 05:25
strong_thomas7,thomasjohnson@bk.ru,26/11/2021 03:26
cool~richard5,richardrodriguez@yandex.ru,14/11/2021 05:14
clever~robert9,robertwilliams@list.ru,25/11/2021 08:25
angry_david9,davidrodriguez@yandex.ru,07/11/2021 03:07
tired_john4,johnanderson@outlook.com,24/11/2021 04:24
angry_joseph7,josephmiller@gmail.com,12/11/2021 03:12
quiet~richard2,richardwhite@gmail.com,25/11/2021 07:25
sad~david0,davidjackson@bk.ru,04/11/2021 01:04
quiet_susan3,susanjackson@mail.ru,27/11/2021 02:27
sad~barbara5,barbarataylor@yahoo.com,26/11/2021 11:26
asleep~elizabeth1,elizabethsmith@mail.ru,22/11/2021 08:22
kind_mary8,maryjackson@internet.ru,13/11/2021 06:13
lonely_john1,johnrodriguez@bk.ru,04/11/2021 11:04
quiet~jennifer8,jenniferdavis@outlook.com,14/11/2021 10:14
nice-elizabeth6,elizabethdavis@outlook.com,10/11/2021 03:10
sad_maria4,mariagarcia@bk.ru,30/11/2021 08:30
angry~mary8,marylee@yahoo.com,13/11/2021 08:13
dead~linda4,lindamiller@mail.ru,04/11/2021 06:04
cute_elizabeth7,elizabethmiller@list.ru,21/11/2021 02:21
fresh-michael4,michaelwhite@rambler.ru,13/11/2021 03:13
nice-william0,williamsmith@yahoo.com,22/11/2021 11:22
lonely~patricia0,patriciarodriguez@bk.ru,27/11/2021 12:27
rich-thomas2,thomasthomas@aol.com,08/11/2021 07:08
tasty-barbara7,barbarataylor@yahoo.com,25/11/2021 11:25
tasty~linda7,lindajones@yahoo.com,02/11/2021 10:02
lonely~barbara5,barbarathomas@internet.ru,14/11/2021 04:14
fresh_thomas7,thomasbrown@yandex.ru,26/11/2021 11:26
poor_elizabeth6,elizabethanderson@outlook.com,29/11/2021 02:29
hot_david9,davidthomas@mail.ru,30/11/2021 04:30
tasty~elizabeth6,elizabethtaylor@internet.ru,03/11/2021 04:03
horny~maria5,mariagarcia@bk.ru,24/11/2021 11:24
lonely~john7,johnbrown@iCloud.com,01/11/2021 10:01
rare~michael3,michaelwhite@rambler.ru,01/11/2021 09:01
rare~robert0,robertbrown@internet.ru,14/11/2021 04:14
tasty-william7,williammiller@aol.com,01/11/2021 07:01
lonely-john1,johnanderson@outlook.com,18/11/2021 10:18
fresh~joseph0,josephjackson@outlook.com,22/11/2021 07:22
cool-jennifer5,jenniferwilson@aol.com,13/11/2021 07:13
busy-joseph6,josephsmith@mail.ru,29/11/2021 05:29
thebest~elizabeth1,elizabethwhite@gmail.com,30/11/2021 05:30
brave_charles2,charlesjohnson@list.ru,13/11/2021 09:13
old-william2,williamlee@yandex.ru,11/11/2021 01:11
kind~barbara7,barbarathompson@bk.ru,29/11/2021 09:29
poor-charles7,charlesthomas@yandex.ru,22/11/2021 08:22
silent_mark9,marklee@gmail.com,07/11/2021 05:07
dead_david5,davidthomas@mail.ru,11/11/2021 08:11
fresh~charles9,charlesrodriguez@outlook.com,18/11/2021 03:18
cool_linda6,lindaanderson@list.ru,22/11/2021 01:22
hot~richard4,richardjohnson@mail.ru,01/11/2021 09:01
happy_joseph2,josephdavis@yahoo.com,18/11/2021 11:18
silent_thomas9,thomaswilson@yahoo.com,20/11/2021 06:20
sad-patricia8,patriciaanderson@yandex.ru,25/11/2021 05:25
angry_john7,johnwhite@bk.ru,15/11/2021 02:15
cool_barbara6,barbarathomas@internet.ru,06/11/2021 04:06
angry~patricia1,patriciawilliams@yandex.ru,12/11/2021 06:12
hot~linda3,lindajackson@list.ru,06/11/2021 08:06
clever~daniel9,danielmiller@aol.com,06/11/2021 02:06
tired_john7,johnmartinez@inbox.ru,30/11/2021 05:30
cool-daniel5,danielanderson@internet.ru,20/11/2021 02:20
big~joseph8,josephwilson@rambler.ru,09/11/2021 02:09
brave_susan4,susanbrown@yahoo.com,29/11/2021 09:29
brave-patricia2,patriciajohnson@yahoo.com,07/11/2021 03:07
clever~thomas1,thomaswhite@iCloud.com,16/11/2021 11:16
brave-charles3,charleswhite@inbox.ru,25/11/2021 07:25
quiet-michael8,michaelwhite@rambler.ru,03/11/2021 06:03
tasty~mark8,markgarcia@yandex.ru,02/11/2021 08:02
brave_elizabeth6,elizabethmoore@outlook.com,25/11/2021 12:25
busy_mark7,markanderson@bk.ru,05/11/2021 02:05
rich-michael4,michaelmiller@aol.com,15/11/2021 05:15
kind_michael1,michaellee@mail.ru,08/11/2021 07:08
sad-david3,davidtaylor@outlook.com,20/11/2021 05:20
rare~william2,williamjackson@bk.ru,06/11/2021 01:06
rich-michael8,michaellee@mail.ru,21/11/2021 05:21
fresh-david6,davidlee@internet.ru,21/11/2021 02:21
angry~robert5,robertsmith@list.ru,05/11/2021 11:05
busy-william3,williammartinez@inbox.ru,12/11/2021 02:12
brave_joseph7,josephsmith@mail.ru,24/11/2021 05:24
sad~joseph3,josephtaylor@aol.com,12/11/2021 02:12
old_susan5,susanthompson@inbox.ru,19/11/2021 12:19
asleep_maria2,mariamiller@iCloud.com,19/11/2021 05:19
tired_william3,williamthomas@internet.ru,07/11/2021 02:07
busy-richard9,richardwhite@gmail.com,22/11/2021 01:22
hot-richard8,richardmartinez@yahoo.com,20/11/2021 10:20
brave-daniel9,danielthompson@aol.com,05/11/2021 06:05
kind-thomas7,thomastaylor@internet.ru,14/11/2021 08:14
old_john0,johnwilson@outlook.com,20/11/2021 02:20
lonely~thomas9,thomasmoore@list.ru,29/11/2021 06:29
hot-mark7,markgarcia@yandex.ru,07/11/2021 08:07
tired~thomas6,thomaswhite@iCloud.com,04/11/2021 05:04
nice-john7,johnwilson@outlook.com,18/11/2021 02:18
nice-jennifer8,jenniferdavis@outlook.com,24/11/2021 01:24
cool_robert1,robertthomas@mail.ru,13/11/2021 09:13
silent-mark1,markmartinez@list.ru,01/11/2021 11:01
nice_susan9,susananderson@aol.com,15/11/2021 08:15
busy~patricia1,patriciathompson@aol.com,14/11/2021 09:14
poor_patricia2,patriciawilliams@yandex.ru,02/11/2021 02:02
horny-patricia6,patriciathomas@iCloud.com,22/11/2021 12:22
quiet~mary0,maryjones@yandex.ru,21/11/2021 10:21
happy-barbara2,barbarajohnson@yandex.ru,13/11/2021 10:13
horny~daniel7,danielwhite@yandex.ru,04/11/2021 08:04
lonely-mark1,markmartinez@list.ru,10/11/2021 06:10
kind-john6,johnjones@aol.com,29/11/2021 09:29
dead~joseph7,josephthompson@gmail.com,05/11/2021 03:05
lonely-linda0,lindaanderson@list.ru,16/11/2021 02:16
nice~mary5,marywhite@yandex.ru,26/11/2021 11:26
lonely_mark9,markwilson@inbox.ru,11/11/2021 02:11
fresh_mary8,marywilson@list.ru,17/11/2021 05:17
kind-mark2,markthomas@rambler.ru,29/11/2021 10:29
quiet~barbara7,barbarawilliams@aol.com,25/11/2021 05:25
horny~susan8,susanthompson@inbox.ru,01/11/2021 03:01
horny-patricia3,patriciataylor@outlook.com,01/11/2021 09:01
fresh_mary2,marymartin@yahoo.com,01/11/2021 05:01
asleep~thomas6,thomasrodriguez@bk.ru,25/11/2021 01:25
nice~thomas8,thomasmartin@outlook.com,23/11/2021 07:23
cute_barbara8,barbarawilson@yandex.ru,11/11/2021 03:11
hot~richard2,richardthomas@internet.ru,05/11/2021 10:05
rare-mary7,marylee@yahoo.com,05/11/2021 11:05
old_john6,johnthomas@bk.ru,24/11/2021 08:24
sad_robert2,robertdavis@yandex.ru,03/11/2021 11:03
happy~maria8,mariagarcia@bk.ru,11/11/2021 03:11
old~barbara2,barbarajones@mail.ru,21/11/2021 01:21
clever-robert1,robertwilson@iCloud.com,03/11/2021 12:03
tired_james2,jameswhite@aol.com,09/11/2021 07:09
happy_mary3,marysmith@aol.com,04/11/2021 01:04
rich~richard7,richardmoore@iCloud.com,28/11/2021 06:28
cool~mary9,maryrodriguez@gmail.com,28/11/2021 07:28
sad-barbara3,barbarasmith@gmail.com,26/11/2021 09:26
old_jennifer9,jenniferdavis@outlook.com,06/11/2021 10:06
fresh-james4,jamesjackson@yandex.ru,14/11/2021 03:14
busy~james0,jamesmiller@outlook.com,29/11/2021 10:29
thebest-patricia3,patriciamoore@gmail.com,10/11/2021 12:10
fresh_thomas8,thomaslee@iCloud.com,14/11/2021 03:14
clever_barbara3,barbarataylor@yahoo.com,21/11/2021 03:21
clever_elizabeth9,elizabethanderson@outlook.com,24/11/2021 07:24
rich-robert4,robertmartin@mail.ru,17/11/2021 08:17
rich~mark5,marklee@gmail.com,10/11/2021 08:10
tasty_richard9,richardrodriguez@yandex.ru,04/11/2021 08:04
nice~william7,williamwilson@list.ru,28/11/2021 04:28
hot-robert1,robertsmith@list.ru,05/11/2021 10:05
horny-daniel6,daniellee@bk.ru,24/11/2021 07:24
quiet_jennifer1,jenniferbrown@iCloud.com,01/11/2021 05:01
asleep-linda2,lindagarcia@outlook.com,13/11/2021 01:13
quiet~maria9,mariasmith@aol.com,21/11/2021 02:21
dead~maria0,mariadavis@mail.ru,14/11/2021 11:14
silent~jennifer0,jenniferthomas@iCloud.com,29/11/2021 11:29
cool_thomas0,thomasmartinez@outlook.com,25/11/2021 02:25
old~maria0,mariabrown@list.ru,22/11/2021 01:22
horny-jennifer9,jenniferjohnson@yahoo.com,10/11/2021 02:10
hot~maria8,mariajohnson@list.ru,15/11/2021 09:15
strong_richard5,richardjackson@bk.ru,05/11/2021 02:05
fresh~patricia0,patriciabrown@rambler.ru,23/11/2021 10:23
angry_william0,williamthompson@bk.ru,30/11/2021 03:30
cute-richard3,richardwilson@inbox.ru,18/11/2021 02:18
dead~charles2,charlesmoore@bk.ru,18/11/2021 04:18
brave_charles3,charlessmith@mail.ru,08/11/2021 09:08
brave~elizabeth6,elizabethwilliams@gmail.com,18/11/2021 11:18
lonely-david5,davidwilliams@list.ru,18/11/2021 09:18
big_patricia3,patriciamoore@gmail.com,05/11/2021 09:05
tasty~david0,davidjackson@bk.ru,21/11/2021 02:21
nice_michael3,michaelsmith@gmail.com,06/11/2021 12:06
nice_barbara3,barbaramartin@internet.ru,04/11/2021 07:04
nice~michael4,michaelsmith@gmail.com,04/11/2021 09:04
hot-maria0,mariathomas@yahoo.com,10/11/2021 11:10
silent_daniel3,danielwilliams@iCloud.com,11/11/2021 06:11
silent~richard0,richardjones@inbox.ru,10/11/2021 06:10
fresh-barbara8,barbaramoore@yahoo.com,19/11/2021 09:19
quiet_robert1,robertanderson@yandex.ru,28/11/2021 09:28
angry-barbara2,barbaraanderson@bk.ru,17/11/2021 01:17
rich_linda7,lindadavis@rambler.ru,13/11/2021 11:13
hot~michael1,michaeljones@gmail.com,24/11/2021 10:24
poor_mary4,marythomas@iCloud.com,16/11/2021 06:16
strong_thomas0,thomassmith@yahoo.com,14/11/2021 09:14
hot-linda4,lindajones@yahoo.com,18/11/2021 11:18
happy-michael9,michaelanderson@mail.ru,28/11/2021 09:28
brave~thomas1,thomaswilliams@iCloud.com,16/11/2021 05:16
sad_elizabeth0,elizabethmartinez@rambler.ru,08/11/2021 10:08
angry~david4,davidwilson@iCloud.com,05/11/2021 10:05
clever_susan4,susanmiller@outlook.com,12/11/2021 12:12
asleep~richard1,richardwilliams@bk.ru,24/11/2021 11:24
rich-william5,williamjones@bk.ru,04/11/2021 03:04
strong-patricia8,patricialee@bk.ru,22/11/2021 12:22
thebest-susan0,susananderson@aol.com,16/11/2021 06:16
cool-jennifer6,jenniferlee@yandex.ru,23/11/2021 12:23
quiet-maria3,mariadavis@mail.ru,30/11/2021 05:30
hot_john9,johnsmith@inbox.ru,08/11/2021 02:08
happy-thomas1,thomasthompson@rambler.ru,10/11/2021 04:10
big_richard8,richardjackson@bk.ru,10/11/2021 07:10
tasty_john4,johnrodriguez@bk.ru,27/11/2021 12:27
quiet~mark3,markdavis@internet.ru,22/11/2021 04:22
big-elizabeth7,elizabethdavis@outlook.com,08/11/2021 05:08
poor-robert3,robertthomas@mail.ru,11/11/2021 10:11
lonely~barbara7,barbaragarcia@inbox.ru,28/11/2021 03:28
nice_charles3,charlesdavis@gmail.com,24/11/2021 08:24
sad_william4,williamjohnson@internet.ru,03/11/2021 12:03
silent_susan4,susanwilson@bk.ru,27/11/2021 02:27
nice_richard2,richardtaylor@gmail.com,18/11/2021 09:18
fresh-richard0,richardlee@mail.ru,29/11/2021 01:29
happy_maria7,mariarodriguez@outlook.com,11/11/2021 02:11
cute_elizabeth2,elizabethmoore@outlook.com,29/11/2021 11:29
old-michael8,michaelmoore@bk.ru,24/11/2021 11:24
fresh~daniel1,danielwilson@yandex.ru,08/11/2021 02:08
nice-richard4,richardbrown@yahoo.com,25/11/2021 03:25
sad_thomas5,thomasthomas@aol.com,11/11/2021 03:11
busy~patricia6,patriciamartin@iCloud.com,20/11/2021 02:20
fresh~maria3,mariajones@bk.ru,01/11/2021 05:01
thebest-james0,jameswilliams@gmail.com,28/11/2021 11:28
big_john3,johnjackson@gmail.com,06/11/2021 08:06
thebest_linda5,lindathompson@yahoo.com,01/11/2021 08:01
nice~linda9,lindathompson@yahoo.com,05/11/2021 10:05
nice_maria5,mariajohnson@list.ru,28/11/2021 02:28
tasty~joseph5,josephmoore@mail.ru,10/11/2021 09:10
happy-susan8,susanjohnson@mail.ru,27/11/2021 12:27
tasty_mary9,marymiller@inbox.ru,22/11/2021 09:22
hot-charles1,charlestaylor@yahoo.com,09/11/2021 01:09
lonely_mark8,marktaylor@iCloud.com,11/11/2021 05:11
silent~michael0,michaeltaylor@mail.ru,14/11/2021 09:14
hot_mark8,markwilson@inbox.ru,11/11/2021 07:11
cool-robert0,robertthomas@mail.ru,12/11/2021 05:12
rare_maria5,mariadavis@mail.ru,29/11/2021 09:29
tasty_daniel4,danielrodriguez@yahoo.com,21/11/2021 05:21
rich_elizabeth9,elizabethdavis@outlook.com,22/11/2021 01:22
cool_charles2,charlesmoore@bk.ru,06/11/2021 02:06
brave-maria6,mariabrown@list.ru,24/11/2021 08:24
dead-daniel8,danielwhite@yandex.ru,15/11/2021 08:15
fresh~patricia8,patriciawilson@mail.ru,09/11/2021 04:09
asleep_robert5,robertbrown@internet.ru,09/11/2021 03:09
cool~michael4,michaelthomas@mail.ru,27/11/2021 05:27
nice~jennifer8,jenniferjackson@yahoo.com,13/11/2021 07:13
asleep~joseph6,josephwilliams@outlook.com,25/11/2021 10:25
silent~william7,williamdavis@internet.ru,06/11/2021 03:06
cool-robert9,robertwilson@iCloud.com,12/11/2021 07:12
quiet~michael4,michaelbrown@internet.ru,18/11/2021 02:18
lonely~john1,johnmartin@list.ru,05/11/2021 05:05
tasty_susan6,susansmith@yahoo.com,27/11/2021 02:27
old-michael5,michaelthomas@mail.ru,18/11/2021 04:18
happy~barbara1,barbaraanderson@bk.ru,10/11/2021 05:10
tired~john7,johnwhite@bk.ru,13/11/2021 07:13
asleep~linda1,lindabrown@gmail.com,09/11/2021 06:09
nice-linda3,lindasmith@mail.ru,14/11/2021 09:14
nice-susan5,susanlee@internet.ru,28/11/2021 09:28
nice_charles1,charleswilson@inbox.ru,25/11/2021 08:25
happy-mark8,markjones@internet.ru,22/11/2021 07:22
cool~john2,johnrodriguez@bk.ru,22/11/2021 08:22
old~mark0,markthomas@rambler.ru,13/11/2021 08:13
horny_john7,johnmoore@iCloud.com,27/11/2021 05:27
happy-charles4,charlessmith@mail.ru,28/11/2021 01:28
brave~susan5,susanmoore@outlook.com,19/11/2021 12:19
nice-charles6,charleswilliams@gmail.com,03/11/2021 12:03
big_maria1,mariathomas@yahoo.com,26/11/2021 08:26
sad~barbara8,barbaramiller@yahoo.com,05/11/2021 01:05
old_susan2,susanmiller@outlook.com,24/11/2021 10:24
angry~patricia2,patriciajackson@gmail.com,18/11/2021 11:18
cool_patricia3,patriciajones@yandex.ru,24/11/2021 06:24
thebest-linda2,lindasmith@mail.ru,26/11/2021 09:26
nice~james5,jamesjohnson@internet.ru,19/11/2021 02:19
kind-daniel7,danielbrown@bk.ru,22/11/2021 01:22
thebest-thomas9,thomaswilson@yahoo.com,06/11/2021 06:06
quiet-michael9,michaelmiller@aol.com,12/11/2021 10:12
silent~robert5,robertmiller@outlook.com,16/11/2021 05:16
busy~william2,williamjones@bk.ru,20/11/2021 10:20
hot-patricia9,patriciamartinez@inbox.ru,02/11/2021 03:02
busy~david4,davidjohnson@mail.ru,08/11/2021 06:08
poor-susan5,susanbrown@yahoo.com,06/11/2021 11:06
sad~daniel6,danieljackson@bk.ru,26/11/2021 09:26
dead-jennifer7,jennifermoore@iCloud.com,05/11/2021 07:05
brave~mary7,marymartinez@internet.ru,27/11/2021 04:27
rare_john4,johnjackson@gmail.com,27/11/2021 05:27
strong~james0,jamesthomas@gmail.com,08/11/2021 08:08
brave_patricia8,patriciamiller@list.ru,09/11/2021 10:09
sad~mary9,marywhite@yandex.ru,21/11/2021 05:21
cool_joseph9,josephbrown@list.ru,17/11/2021 04:17
cute-robert7,robertgarcia@rambler.ru,24/11/2021 08:24
rare~patricia9,patriciataylor@outlook.com,29/11/2021 04:29
happy_mark9,markjackson@internet.ru,14/11/2021 02:14
silent_jennifer2,jenniferthompson@yahoo.com,08/11/2021 06:08
silent_david8,davidbrown@mail.ru,22/11/2021 01:22
tasty-mark0,markmartin@rambler.ru,16/11/2021 03:16
old_richard3,richardmartin@outlook.com,22/11/2021 03:22
tired~david6,davidmoore@list.ru,22/11/2021 01:22
hot-elizabeth1,elizabethwilson@yandex.ru,04/11/2021 09:04
hot_robert9,roberttaylor@inbox.ru,24/11/2021 07:24
busy_daniel7,danielgarcia@mail.ru,14/11/2021 02:14
asleep~michael1,michaelwilson@yandex.ru,12/11/2021 06:12
asleep~john5,johnanderson@outlook.com,13/11/2021 11:13
fresh~charles3,charlesmartinez@aol.com,08/11/2021 03:08
busy-william4,williamwilliams@iCloud.com,27/11/2021 12:27
tired-joseph8,josephwhite@bk.ru,03/11/2021 05:03
hot-linda4,lindajackson@list.ru,27/11/2021 01:27
fresh_charles0,charlesjackson@gmail.com,03/11/2021 02:03
hot~william1,williamjackson@bk.ru,24/11/2021 05:24
nice-linda7,lindataylor@yahoo.com,24/11/2021 05:24
strong~charles5,charlesmiller@gmail.com,25/11/2021 10:25
nice_maria7,mariamartinez@outlook.com,09/11/2021 10:09
rare-james0,jamesjackson@yandex.ru,08/11/2021 02:08
tasty~john3,johnlee@inbox.ru,16/11/2021 03:16
silent_susan1,susanwilliams@yandex.ru,06/11/2021 04:06
silent~richard7,richardtaylor@gmail.com,26/11/2021 08:26
quiet-linda2,lindagarcia@outlook.com,05/11/2021 07:05
asleep~patricia2,patriciadavis@mail.ru,20/11/2021 10:20
busy-jennifer4,jennifersmith@yandex.ru,20/11/2021 05:20
happy~robert7,robertmartinez@internet.ru,12/11/2021 02:12
fresh_daniel3,danieldavis@gmail.com,06/11/2021 07:06
happy-mark7,marksmith@yahoo.com,12/11/2021 07:12
thebest~michael9,michaelmartin@internet.ru,01/11/2021 12:01
old~robert0,robertmoore@mail.ru,06/11/2021 07:06
cute~patricia9,patriciarodriguez@bk.ru,26/11/2021 04:26
kind-patricia6,patricialee@bk.ru,28/11/2021 08:28
silent_daniel8,danielmoore@bk.ru,18/11/2021 01:18
brave_charles9,charlessmith@mail.ru,15/11/2021 11:15
strong-maria0,mariaanderson@internet.ru,22/11/2021 11:22
dead_linda2,lindajackson@list.ru,15/11/2021 01:15
tired_robert7,robertjackson@mail.ru,01/11/2021 04:01
tasty~william4,williammartinez@inbox.ru,01/11/2021 06:01
nice-daniel0,danielmoore@bk.ru,25/11/2021 09:25
sad~barbara1,barbarawhite@yandex.ru,03/11/2021 10:03
sad~mark3,markmartinez@list.ru,22/11/2021 11:22
kind~jennifer8,jenniferjones@yandex.ru,26/11/2021 10:26
tasty_mark8,markbrown@iCloud.com,16/11/2021 10:16
cool-william2,williamwilson@list.ru,19/11/2021 10:19
sad~barbara3,barbarajackson@bk.ru,11/11/2021 03:11
clever-patricia2,patriciagarcia@gmail.com,23/11/2021 01:23
nice_patricia0,patriciathomas@iCloud.com,12/11/2021 08:12
sad-patricia4,patriciajackson@gmail.com,05/11/2021 09:05
happy~richard6,richardmartin@outlook.com,28/11/2021 01:28
nice~charles6,charleslee@yahoo.com,07/11/2021 09:07
tired~susan8,susanlee@internet.ru,23/11/2021 05:23
cute-thomas6,thomasthompson@rambler.ru,14/11/2021 03:14
happy_john3,johnthomas@bk.ru,22/11/2021 10:22
strong-david1,davidjackson@bk.ru,20/11/2021 09:20
thebest-mark1,markmoore@bk.ru,21/11/2021 08:21
asleep_robert1,robertmoore@mail.ru,12/11/2021 01:12
quiet~charles3,charlesmartinez@aol.com,08/11/2021 09:08
horny-thomas0,thomasdavis@gmail.com,07/11/2021 10:07
nice_james0,jamesanderson@list.ru,01/11/2021 06:01
kind~jennifer7,jenniferjohnson@yahoo.com,09/11/2021 08:09
busy-elizabeth0,elizabethanderson@outlook.com,05/11/2021 06:05
happy_richard7,richardwilliams@bk.ru,07/11/2021 02:07
old-charles5,charleswhite@inbox.ru,27/11/2021 11:27
busy~joseph3,josephmartinez@bk.ru,30/11/2021 09:30
lonely_barbara3,barbaralee@gmail.com,19/11/2021 07:19
dead-barbara6,barbarabrown@rambler.ru,27/11/2021 08:27
brave-charles4,charlesgarcia@mail.ru,09/11/2021 02:09
tasty_elizabeth3,elizabethjohnson@rambler.ru,11/11/2021 09:11
sad-jennifer4,jenniferjones@yandex.ru,29/11/2021 04:29
clever_jennifer3,jennifermoore@iCloud.com,28/11/2021 06:28
clever_susan8,susanmartin@gmail.com,20/11/2021 11:20
angry~joseph0,josephmartin@internet.ru,18/11/2021 06:18
lonely_mark2,markthomas@rambler.ru,07/11/2021 08:07
silent~joseph2,josephwilliams@outlook.com,25/11/2021 07:25
busy-susan8,susandavis@outlook.com,21/11/2021 02:21
nice~mary9,maryjohnson@iCloud.com,21/11/2021 08:21
cool_mark1,marklee@gmail.com,10/11/2021 07:10
old_jennifer5,jennifermiller@yahoo.com,04/11/2021 03:04
cool-richard1,richardlee@mail.ru,04/11/2021 03:04
cool~maria3,mariajohnson@list.ru,21/11/2021 07:21
nice~maria7,mariasmith@aol.com,15/11/2021 12:15
horny~elizabeth4,elizabeththompson@outlook.com,22/11/2021 12:22
thebest~elizabeth8,elizabethwhite@gmail.com,18/11/2021 09:18
lonely_mary0,marymoore@aol.com,18/11/2021 05:18
fresh~william6,williammoore@yandex.ru,23/11/2021 11:23
clever_elizabeth2,elizabethjackson@rambler.ru,20/11/2021 01:20
busy_mary4,maryjohnson@iCloud.com,17/11/2021 04:17
old~patricia4,patriciathompson@aol.com,04/11/2021 03:04
hot~thomas9,thomaswilson@yahoo.com,27/11/2021 05:27
dead_michael2,michaeljones@gmail.com,22/11/2021 03:22
rare-linda1,lindadavis@rambler.ru,21/11/2021 01:21
angry-daniel5,danielsmith@list.ru,02/11/2021 01:02
brave-william3,williamrodriguez@gmail.com,13/11/2021 04:13
lonely~david5,davidmartinez@iCloud.com,14/11/2021 10:14
thebest_thomas3,thomasrodriguez@bk.ru,08/11/2021 10:08
strong~david1,davidmartinez@iCloud.com,07/11/2021 01:07
cool_michael6,michaelthomas@mail.ru,16/11/2021 11:16
rare_joseph2,josephrodriguez@rambler.ru,08/11/2021 09:08
tasty_daniel0,danielsmith@list.ru,26/11/2021 01:26
busy_mary8,marygarcia@gmail.com,07/11/2021 06:07
poor~jennifer7,jenniferthompson@yahoo.com,20/11/2021 03:20
nice_maria9,mariawilson@bk.ru,22/11/2021 12:22
sad_susan5,susanmiller@outlook.com,07/11/2021 12:07
horny~barbara5,barbarabrown@rambler.ru,11/11/2021 11:11
horny~michael1,michaelgarcia@iCloud.com,12/11/2021 06:12
poor_joseph3,josephjohnson@rambler.ru,13/11/2021 11:13
big~william6,williamwhite@outlook.com,26/11/2021 12:26
dead_susan2,susansmith@yahoo.com,08/11/2021 03:08
quiet-david2,davidmartinez@iCloud.com,12/11/2021 08:12
happy_richard2,richardmoore@iCloud.com,27/11/2021 10:27
fresh_jennifer5,jennifermartin@mail.ru,18/11/2021 08:18
happy-michael0,michaeltaylor@mail.ru,14/11/2021 05:14
happy-thomas1,thomaswilliams@iCloud.com,10/11/2021 12:10
old~linda4,lindamartinez@aol.com,03/11/2021 04:03
clever~mary1,marybrown@yandex.ru,26/11/2021 04:26
rare_robert7,robertjohnson@rambler.ru,12/11/2021 04:12
kind_mary7,marywilson@list.ru,04/11/2021 01:04
silent~mark5,markjones@internet.ru,06/11/2021 07:06
old_maria5,mariataylor@gmail.com,09/11/2021 09:09
quiet~elizabeth0,elizabethrodriguez@inbox.ru,28/11/2021 07:28
clever-james4,jamesmiller@outlook.com,21/11/2021 12:21
angry~susan7,susanmoore@outlook.com,10/11/2021 10:10
kind_james1,jamesmartinez@list.ru,06/11/2021 01:06
hot-richard8,richardthompson@gmail.com,05/11/2021 12:05
tasty-maria0,mariawilson@bk.ru,04/11/2021 09:04
hot_patricia7,patriciajones@yandex.ru,23/11/2021 03:23
angry~james8,jamesjones@yahoo.com,17/11/2021 11:17
strong_joseph5,josephbrown@list.ru,13/11/2021 01:13
rich-jennifer7,jennifermartinez@outlook.com,05/11/2021 01:05
poor~richard0,richardthompson@gmail.com,27/11/2021 12:27
rich-james7,jameslee@list.ru,17/11/2021 07:17
cool-joseph8,josephgarcia@iCloud.com,07/11/2021 08:07
strong-daniel4,danielanderson@internet.ru,01/11/2021 11:01
rich_linda2,lindamiller@mail.ru,29/11/2021 11:29
old_mark8,markgarcia@yandex.ru,14/11/2021 08:14
brave_barbara1,barbarawilliams@aol.com,27/11/2021 02:27
kind_joseph7,josephmartin@internet.ru,23/11/2021 07:23
sad-michael1,michaelthompson@mail.ru,27/11/2021 10:27
lonely~david5,davidmiller@aol.com,19/11/2021 02:19
busy-michael6,michaeltaylor@mail.ru,13/11/2021 08:13
nice-susan9,susanmoore@outlook.com,15/11/2021 01:15
cute~elizabeth3,elizabeththompson@outlook.com,04/11/2021 01:04
rich_linda5,lindalee@bk.ru,30/11/2021 02:30
happy-linda8,lindamiller@mail.ru,12/11/2021 07:12
tired~daniel3,danieldavis@gmail.com,29/11/2021 01:29
asleep~john0,johnthomas@bk.ru,30/11/2021 08:30
kind-charles6,charlesmartin@rambler.ru,26/11/2021 06:26
lonely-richard2,richardanderson@iCloud.com,03/11/2021 10:03
clever-barbara9,barbarajohnson@yandex.ru,25/11/2021 04:25
nice-jennifer7,jenniferrodriguez@rambler.ru,10/11/2021 09:10
lonely_elizabeth7,elizabethgarcia@inbox.ru,26/11/2021 11:26
cool_robert4,robertthompson@outlook.com,16/11/2021 03:16
lonely~daniel4,danielthomas@inbox.ru,03/11/2021 02:03
poor-william8,williamdavis@internet.ru,25/11/2021 08:25
sad_barbara0,barbaragarcia@inbox.ru,05/11/2021 12:05
old-jennifer2,jenniferthomas@iCloud.com,18/11/2021 07:18
kind_william9,williamjohnson@internet.ru,12/11/2021 11:12
sad_michael6,michaelgarcia@iCloud.com,22/11/2021 11:22
tired_daniel2,danielanderson@internet.ru,30/11/2021 10:30
rich_john7,johnbrown@iCloud.com,17/11/2021 01:17
asleep~joseph8,josephlee@list.ru,29/11/2021 04:29
busy_david2,davidanderson@rambler.ru,26/11/2021 04:26
thebest~charles3,charlesjackson@gmail.com,15/11/2021 02:15
angry-william0,williamtaylor@yandex.ru,16/11/2021 01:16
rare-john3,johnmartin@list.ru,11/11/2021 03:11
lonely~jennifer2,jenniferlee@yandex.ru,26/11/2021 04:26
horny~barbara9,barbarathomas@internet.ru,23/11/2021 08:23
brave~mary6,marythompson@yandex.ru,25/11/2021 01:25
thebest_richard9,richardwilson@inbox.ru,08/11/2021 01:08
sad-james8,jamesdavis@internet.ru,19/11/2021 03:19
rich_susan6,susanthomas@mail.ru,06/11/2021 03:06
fresh-daniel4,danielmoore@bk.ru,05/11/2021 05:05
thebest-michael3,michaeljones@gmail.com,13/11/2021 06:13
strong-thomas7,thomasjohnson@bk.ru,22/11/2021 05:22
busy_robert9,robertmiller@outlook.com,15/11/2021 09:15
rare-patricia9,patriciamiller@list.ru,24/11/2021 09:24
angry~maria7,mariajackson@yahoo.com,11/11/2021 05:11
nice_david8,davidwhite@mail.ru,14/11/2021 02:14
horny_jennifer3,jenniferanderson@yahoo.com,10/11/2021 01:10
hot_thomas3,thomasmartinez@outlook.com,04/11/2021 03:04
quiet-joseph0,josephwhite@bk.ru,06/11/2021 12:06
rare-linda6,lindawilson@inbox.ru,13/11/2021 10:13
cool~barbara1,barbarawilson@yandex.ru,25/11/2021 07:25
horny-charles8,charlesmartin@rambler.ru,20/11/2021 12:20
tasty~mark2,markdavis@internet.ru,14/11/2021 11:14
happy-elizabeth5,elizabethjones@mail.ru,10/11/2021 08:10
angry-john9,johnjackson@gmail.com,25/11/2021 07:25
strong~robert8,robertjones@yahoo.com,20/11/2021 06:20