usernam,email,dtime
angry-barbara2,barbaraanderson@bk.ru,17/11/2021 01:17
dead-barbara6,barbarabrown@rambler.ru,27/11/2021 08:27
busy_barbara7,barbaradavis@aol.com,24/11/2021 08:24
lonely~barbara7,barbaragarcia@inbox.ru,28/11/2021 03:28
sad~barbara3,barbarajackson@bk.ru,11/11/2021 03:11
clever-barbara9,barbarajohnson@yandex.ru,25/11/2021 04:25
thebest_barbara5,barbarajones@mail.ru,21/11/2021 07:21
lonely_barbara3,barbaralee@gmail.com,19/11/2021 07:19
dead-barbara6,barbaramartin@internet.ru,12/11/2021 03:12
thebest_barbara5,barbaramartinez@bk.ru,30/11/2021 05:30
sad~barbara8,barbaramiller@yahoo.com,05/11/2021 01:05
quiet~barbara5,barbaramoore@yahoo.com,28/11/2021 01:28
tired-barbara1,barbararodriguez@internet.ru,01/11/2021 10:01
sad-barbara3,barbarasmith@gmail.com,26/11/2021 09:26
sad~barbara5,barbarataylor@yahoo.com,26/11/2021 11:26
horny~barbara9,barbarathomas@internet.ru,23/11/2021 08:23
kind~barbara7,barbarathompson@bk.ru,29/11/2021 09:29
sad~barbara1,barbarawhite@yandex.ru,03/11/2021 10:03
brave_barbara1,barbarawilliams@aol.com,27/11/2021 02:27
cool~barbara1,barbarawilson@yandex.ru,25/11/2021 07:25
asleep-charles9,charlesanderson@outlook.com,01/11/2021 10:01
cute-charles5,charlesbrown@inbox.ru,24/11/2021 05:24
brave~charles3,charlesdavis@gmail.com,27/11/2021 08:27
rich~charles4,charlesgarcia@mail.ru,14/11/2021 10:14
thebest~charles3,charlesjackson@gmail.com,15/11/2021 02:15
brave_charles2,charlesjohnson@list.ru,13/11/2021 09:13
dead_charles5,charlesjones@gmail.com,15/11/2021 01:15
busy~charles9,charleslee@yahoo.com,29/11/2021 03:29
kind-charles6,charlesmartin@rambler.ru,26/11/2021 06:26
brave-charles7,charlesmartinez@aol.com,24/11/2021 11:24
strong~charles5,charlesmiller@gmail.com,25/11/2021 10:25
lonely-charles3,charlesmoore@bk.ru,19/11/2021 02:19
brave~charles2,charlesrodriguez@outlook.com,27/11/2021 07:27
happy-charles4,charlessmith@mail.ru,28/11/2021 01:28
hot-charles1,charlestaylor@yahoo.com,09/11/2021 01:09
poor-charles7,charlesthomas@yandex.ru,22/11/2021 08:22
happy_charles7,charlesthompson@inbox.ru,16/11/2021 05:16
poor_charles3,charleswhite@inbox.ru,28/11/2021 11:28
nice-charles6,charleswilliams@gmail.com,03/11/2021 12:03
nice_charles1,charleswilson@inbox.ru,25/11/2021 08:25
tired_daniel2,danielanderson@internet.ru,30/11/2021 10:30
kind-daniel7,danielbrown@bk.ru,22/11/2021 01:22
tired~daniel3,danieldavis@gmail.com,29/11/2021 01:29
busy_daniel7,danielgarcia@mail.ru,14/11/2021 02:14
sad~daniel6,danieljackson@bk.ru,26/11/2021 09:26
cute-daniel2,danieljohnson@inbox.ru,25/11/2021 03:25
kind-daniel4,danieljones@aol.com,12/11/2021 08:12
horny-daniel6,daniellee@bk.ru,24/11/2021 07:24
cute-daniel9,danielmartin@inbox.ru,24/11/2021 11:24
clever_daniel9,danielmartinez@gmail.com,28/11/2021 09:28
clever~daniel9,danielmiller@aol.com,06/11/2021 02:06
nice-daniel0,danielmoore@bk.ru,25/11/2021 09:25
cute_daniel7,danielrodriguez@yahoo.com,30/11/2021 12:30
tasty_daniel0,danielsmith@list.ru,26/11/2021 01:26
poor-daniel0,danieltaylor@bk.ru,30/11/2021 11:30
silent~daniel1,danielthomas@inbox.ru,26/11/2021 11:26
brave-daniel9,danielthompson@aol.com,05/11/2021 06:05
cute_daniel5,danielwhite@yandex.ru,19/11/2021 07:19
silent_daniel3,danielwilliams@iCloud.com,11/11/2021 06:11
fresh~daniel1,danielwilson@yandex.ru,08/11/2021 02:08
busy_david2,davidanderson@rambler.ru,26/11/2021 04:26
silent_david8,davidbrown@mail.ru,22/11/2021 01:22
silent_david0,daviddavis@aol.com,19/11/2021 07:19
brave-david9,davidgarcia@yahoo.com,12/11/2021 06:12
tasty~david0,davidjackson@bk.ru,21/11/2021 02:21
busy~david4,davidjohnson@mail.ru,08/11/2021 06:08
happy~david9,davidjones@list.ru,15/11/2021 04:15
sad~david4,davidlee@internet.ru,23/11/2021 07:23
brave-david6,davidmartin@list.ru,28/11/2021 01:28
lonely~david5,davidmartinez@iCloud.com,14/11/2021 10:14
lonely~david5,davidmiller@aol.com,19/11/2021 02:19
tired~david6,davidmoore@list.ru,22/11/2021 01:22
happy~david0,davidrodriguez@yandex.ru,13/11/2021 01:13
nice~david7,davidsmith@gmail.com,19/11/2021 08:19
sad-david3,davidtaylor@outlook.com,20/11/2021 05:20
hot_david9,davidthomas@mail.ru,30/11/2021 04:30
sad~david3,davidthompson@yahoo.com,23/11/2021 07:23
nice_david8,davidwhite@mail.ru,14/11/2021 02:14
silent-david7,davidwilliams@list.ru,24/11/2021 02:24
tired_david8,davidwilson@iCloud.com,28/11/2021 05:28
poor_elizabeth6,elizabethanderson@outlook.com,29/11/2021 02:29
kind~elizabeth4,elizabethbrown@bk.ru,29/11/2021 05:29
rich_elizabeth9,elizabethdavis@outlook.com,22/11/2021 01:22
lonely_elizabeth7,elizabethgarcia@inbox.ru,26/11/2021 11:26
lonely-elizabeth9,elizabethjackson@rambler.ru,29/11/2021 02:29
sad-elizabeth8,elizabethjohnson@rambler.ru,24/11/2021 03:24
tired_elizabeth9,elizabethjones@mail.ru,16/11/2021 11:16
nice~elizabeth0,elizabethlee@mail.ru,30/11/2021 09:30
rare_elizabeth2,elizabethmartin@gmail.com,21/11/2021 06:21
sad_elizabeth0,elizabethmartinez@rambler.ru,08/11/2021 10:08
cute_elizabeth7,elizabethmiller@list.ru,21/11/2021 02:21
cute_elizabeth2,elizabethmoore@outlook.com,29/11/2021 11:29
quiet~elizabeth0,elizabethrodriguez@inbox.ru,28/11/2021 07:28
asleep~elizabeth1,elizabethsmith@mail.ru,22/11/2021 08:22
tasty~elizabeth6,elizabethtaylor@internet.ru,03/11/2021 04:03
sad-elizabeth4,elizabeththomas@aol.com,10/11/2021 11:10
horny~elizabeth4,elizabeththompson@outlook.com,22/11/2021 12:22
thebest~elizabeth1,elizabethwhite@gmail.com,30/11/2021 05:30
brave~elizabeth6,elizabethwilliams@gmail.com,18/11/2021 11:18
silent_elizabeth5,elizabethwilson@yandex.ru,07/11/2021 04:07
nice_james0,jamesanderson@list.ru,01/11/2021 06:01
nice_james1,jamesbrown@inbox.ru,07/11/2021 01:07
sad-james8,jamesdavis@internet.ru,19/11/2021 03:19
tired-james4,jamesgarcia@internet.ru,16/11/2021 12:16
fresh-james4,jamesjackson@yandex.ru,14/11/2021 03:14
nice~james5,jamesjohnson@internet.ru,19/11/2021 02:19
angry~james8,jamesjones@yahoo.com,17/11/2021 11:17
rich-james7,jameslee@list.ru,17/11/2021 07:17
busy_james4,jamesmartin@gmail.com,09/11/2021 04:09
kind_james1,jamesmartinez@list.ru,06/11/2021 01:06
busy~james0,jamesmiller@outlook.com,29/11/2021 10:29
horny-james8,jamesmoore@gmail.com,11/11/2021 07:11
rare~james6,jamesrodriguez@gmail.com,22/11/2021 03:22
cool_james9,jamessmith@aol.com,21/11/2021 12:21
poor_james6,jamestaylor@rambler.ru,14/11/2021 02:14
nice_james8,jamesthomas@gmail.com,18/11/2021 12:18
busy_james3,jamesthompson@internet.ru,17/11/2021 05:17
tired_james2,jameswhite@aol.com,09/11/2021 07:09
thebest-james0,jameswilliams@gmail.com,28/11/2021 11:28
horny~james3,jameswilson@yahoo.com,17/11/2021 07:17
fresh-jennifer3,jenniferanderson@yahoo.com,11/11/2021 10:11
quiet_jennifer1,jenniferbrown@iCloud.com,01/11/2021 05:01
nice-jennifer8,jenniferdavis@outlook.com,24/11/2021 01:24
clever~jennifer4,jennifergarcia@aol.com,10/11/2021 04:10
nice~jennifer8,jenniferjackson@yahoo.com,13/11/2021 07:13
horny-jennifer9,jenniferjohnson@yahoo.com,10/11/2021 02:10
sad-jennifer4,jenniferjones@yandex.ru,29/11/2021 04:29
lonely~jennifer2,jenniferlee@yandex.ru,26/11/2021 04:26
fresh_jennifer5,jennifermartin@mail.ru,18/11/2021 08:18
fresh~jennifer9,jennifermartinez@outlook.com,17/11/2021 11:17
old_jennifer5,jennifermiller@yahoo.com,04/11/2021 03:04
clever_jennifer3,jennifermoore@iCloud.com,28/11/2021 06:28
nice-jennifer9,jenniferrodriguez@rambler.ru,20/11/2021 10:20
busy-jennifer4,jennifersmith@yandex.ru,20/11/2021 05:20
brave_jennifer3,jennifertaylor@yandex.ru,25/11/2021 05:25
silent~jennifer0,jenniferthomas@iCloud.com,29/11/2021 11:29
poor~jennifer7,jenniferthompson@yahoo.com,20/11/2021 03:20
brave_jennifer2,jenniferwhite@yandex.ru,26/11/2021 06:26
big-jennifer5,jenniferwilliams@outlook.com,21/11/2021 03:21
cool-jennifer5,jenniferwilson@aol.com,13/11/2021 07:13
tired_john4,johnanderson@outlook.com,24/11/2021 04:24
rich_john7,johnbrown@iCloud.com,17/11/2021 01:17
strong-john9,johndavis@list.ru,28/11/2021 02:28
strong_john6,johngarcia@mail.ru,09/11/2021 02:09
rare_john4,johnjackson@gmail.com,27/11/2021 05:27
kind_john5,johnjohnson@internet.ru,30/11/2021 01:30
kind-john6,johnjones@aol.com,29/11/2021 09:29
tasty~john3,johnlee@inbox.ru,16/11/2021 03:16
rare-john3,johnmartin@list.ru,11/11/2021 03:11
tired_john7,johnmartinez@inbox.ru,30/11/2021 05:30
rare_john8,johnmiller@bk.ru,19/11/2021 04:19
horny_john7,johnmoore@iCloud.com,27/11/2021 05:27
tasty_john4,johnrodriguez@bk.ru,27/11/2021 12:27
hot_john9,johnsmith@inbox.ru,08/11/2021 02:08
nice-john5,johntaylor@internet.ru,18/11/2021 03:18
asleep~john0,johnthomas@bk.ru,30/11/2021 08:30
fresh_john1,johnthompson@inbox.ru,14/11/2021 03:14
angry_john7,johnwhite@bk.ru,15/11/2021 02:15
nice-john2,johnwilliams@rambler.ru,26/11/2021 04:26
old_john0,johnwilson@outlook.com,20/11/2021 02:20
kind-joseph8,josephanderson@mail.ru,14/11/2021 08:14
horny-joseph3,josephbrown@list.ru,30/11/2021 04:30
happy_joseph2,josephdavis@yahoo.com,18/11/2021 11:18
cool-joseph8,josephgarcia@iCloud.com,07/11/2021 08:07
fresh~joseph0,josephjackson@outlook.com,22/11/2021 07:22
old-joseph5,josephjohnson@rambler.ru,26/11/2021 12:26
silent~joseph8,josephjones@mail.ru,05/11/2021 11:05
asleep~joseph8,josephlee@list.ru,29/11/2021 04:29
kind_joseph7,josephmartin@internet.ru,23/11/2021 07:23
busy~joseph3,josephmartinez@bk.ru,30/11/2021 09:30
angry_joseph7,josephmiller@gmail.com,12/11/2021 03:12
tasty~joseph5,josephmoore@mail.ru,10/11/2021 09:10
hot-joseph3,josephrodriguez@rambler.ru,10/11/2021 07:10
busy-joseph6,josephsmith@mail.ru,29/11/2021 05:29
clever-joseph3,josephtaylor@aol.com,27/11/2021 12:27
asleep_joseph9,josephthomas@gmail.com,07/11/2021 11:07
dead_joseph8,josephthompson@gmail.com,15/11/2021 01:15
quiet-joseph0,josephwhite@bk.ru,06/11/2021 12:06
asleep~joseph6,josephwilliams@outlook.com,25/11/2021 10:25
big~joseph8,josephwilson@rambler.ru,09/11/2021 02:09
cool_linda6,lindaanderson@list.ru,22/11/2021 01:22
horny_linda4,lindabrown@gmail.com,20/11/2021 04:20
rare-linda1,lindadavis@rambler.ru,21/11/2021 01:21
asleep-linda2,lindagarcia@outlook.com,13/11/2021 01:13
hot-linda4,lindajackson@list.ru,27/11/2021 01:27
big~linda7,lindajohnson@gmail.com,10/11/2021 05:10
hot-linda4,lindajones@yahoo.com,18/11/2021 11:18
rich_linda5,lindalee@bk.ru,30/11/2021 02:30
tired-linda8,lindamartin@mail.ru,16/11/2021 10:16
quiet~linda1,lindamartinez@aol.com,11/11/2021 12:11
rich_linda2,lindamiller@mail.ru,29/11/2021 11:29
rare_linda7,lindamoore@internet.ru,30/11/2021 01:30
strong~linda1,lindarodriguez@bk.ru,23/11/2021 02:23
thebest-linda2,lindasmith@mail.ru,26/11/2021 09:26
nice-linda7,lindataylor@yahoo.com,24/11/2021 05:24
asleep~linda0,lindathomas@aol.com,01/11/2021 05:01
nice~linda9,lindathompson@yahoo.com,05/11/2021 10:05
tired_linda8,lindawhite@yandex.ru,25/11/2021 06:25
lonely~linda4,lindawilliams@list.ru,28/11/2021 10:28
rare-linda6,lindawilson@inbox.ru,13/11/2021 10:13
strong-maria0,mariaanderson@internet.ru,22/11/2021 11:22
brave-maria6,mariabrown@list.ru,24/11/2021 08:24
quiet-maria3,mariadavis@mail.ru,30/11/2021 05:30
sad_maria4,mariagarcia@bk.ru,30/11/2021 08:30
happy~maria3,mariajackson@yahoo.com,18/11/2021 07:18
nice_maria5,mariajohnson@list.ru,28/11/2021 02:28
fresh~maria1,mariajones@bk.ru,20/11/2021 12:20
dead-maria5,marialee@outlook.com,30/11/2021 06:30
nice_maria4,mariamartin@iCloud.com,10/11/2021 06:10
nice_maria7,mariamartinez@outlook.com,09/11/2021 10:09
asleep_maria2,mariamiller@iCloud.com,19/11/2021 05:19
cool_maria4,mariamoore@aol.com,23/11/2021 01:23
lonely~maria0,mariarodriguez@outlook.com,18/11/2021 04:18
brave_maria6,mariasmith@aol.com,30/11/2021 09:30
old_maria5,mariataylor@gmail.com,09/11/2021 09:09
big_maria1,mariathomas@yahoo.com,26/11/2021 08:26
rare~maria6,mariathompson@aol.com,08/11/2021 01:08
dead~maria0,mariawhite@aol.com,17/11/2021 09:17
kind_maria1,mariawilliams@rambler.ru,06/11/2021 08:06
nice_maria9,mariawilson@bk.ru,22/11/2021 12:22
tasty-mark9,markanderson@bk.ru,05/11/2021 11:05
tasty_mark8,markbrown@iCloud.com,16/11/2021 10:16
cute_mark5,markdavis@internet.ru,24/11/2021 01:24
old_mark8,markgarcia@yandex.ru,14/11/2021 08:14
happy_mark9,markjackson@internet.ru,14/11/2021 02:14
tired_mark5,markjohnson@rambler.ru,23/11/2021 05:23
happy-mark8,markjones@internet.ru,22/11/2021 07:22
rich~mark5,marklee@gmail.com,10/11/2021 08:10
tasty-mark0,markmartin@rambler.ru,16/11/2021 03:16
sad~mark3,markmartinez@list.ru,22/11/2021 11:22
horny-mark5,markmiller@gmail.com,20/11/2021 01:20
thebest-mark1,markmoore@bk.ru,21/11/2021 08:21
nice_mark1,markrodriguez@iCloud.com,15/11/2021 07:15
happy-mark7,marksmith@yahoo.com,12/11/2021 07:12
cute-mark0,marktaylor@iCloud.com,29/11/2021 06:29
kind-mark2,markthomas@rambler.ru,29/11/2021 10:29
nice_mark3,markthompson@iCloud.com,12/11/2021 05:12
old_mark6,markwhite@gmail.com,11/11/2021 02:11
sad~mark1,markwilliams@yandex.ru,29/11/2021 03:29
kind_mark2,markwilson@inbox.ru,25/11/2021 12:25
rich_mary8,maryanderson@yandex.ru,06/11/2021 04:06
clever~mary1,marybrown@yandex.ru,26/11/2021 04:26
asleep~mary3,marydavis@gmail.com,28/11/2021 10:28
poor-mary8,marygarcia@gmail.com,21/11/2021 07:21
kind_mary8,maryjackson@internet.ru,13/11/2021 06:13
nice~mary9,maryjohnson@iCloud.com,21/11/2021 08:21
quiet~mary0,maryjones@yandex.ru,21/11/2021 10:21
angry~mary8,marylee@yahoo.com,13/11/2021 08:13
fresh_mary2,marymartin@yahoo.com,01/11/2021 05:01
brave~mary7,marymartinez@internet.ru,27/11/2021 04:27
tasty_mary9,marymiller@inbox.ru,22/11/2021 09:22
lonely_mary0,marymoore@aol.com,18/11/2021 05:18
cool~mary9,maryrodriguez@gmail.com,28/11/2021 07:28
happy_mary3,marysmith@aol.com,04/11/2021 01:04
poor~mary5,marytaylor@iCloud.com,29/11/2021 11:29
poor_mary4,marythomas@iCloud.com,16/11/2021 06:16
brave~mary6,marythompson@yandex.ru,25/11/2021 01:25
nice~mary5,marywhite@yandex.ru,26/11/2021 11:26
tired-mary2,marywilliams@list.ru,15/11/2021 01:15
fresh_mary8,marywilson@list.ru,17/11/2021 05:17
happy-michael9,michaelanderson@mail.ru,28/11/2021 09:28
quiet~michael4,michaelbrown@internet.ru,18/11/2021 02:18
happy_michael3,michaeldavis@aol.com,30/11/2021 09:30
sad_michael6,michaelgarcia@iCloud.com,22/11/2021 11:22
cool~michael1,michaeljackson@outlook.com,14/11/2021 09:14
busy_michael4,michaeljohnson@inbox.ru,17/11/2021 05:17
hot~michael1,michaeljones@gmail.com,24/11/2021 10:24
rich-michael8,michaellee@mail.ru,21/11/2021 05:21
thebest~michael9,michaelmartin@internet.ru,01/11/2021 12:01
tasty_michael6,michaelmartinez@rambler.ru,23/11/2021 03:23
rich-michael4,michaelmiller@aol.com,15/11/2021 05:15
old-michael8,michaelmoore@bk.ru,24/11/2021 11:24
angry~michael0,michaelrodriguez@list.ru,23/11/2021 03:23
dead~michael9,michaelsmith@gmail.com,10/11/2021 03:10
silent~michael0,michaeltaylor@mail.ru,14/11/2021 09:14
cool~michael4,michaelthomas@mail.ru,27/11/2021 05:27
hot~michael8,michaelthompson@mail.ru,29/11/2021 11:29
fresh-michael4,michaelwhite@rambler.ru,13/11/2021 03:13
hot-michael4,michaelwilliams@inbox.ru,19/11/2021 07:19
asleep~michael1,michaelwilson@yandex.ru,12/11/2021 06:12
sad-patricia8,patriciaanderson@yandex.ru,25/11/2021 05:25
fresh~patricia0,patriciabrown@rambler.ru,23/11/2021 10:23
silent_patricia2,patriciadavis@mail.ru,23/11/2021 04:23
clever-patricia2,patriciagarcia@gmail.com,23/11/2021 01:23
big~patricia7,patriciajackson@gmail.com,24/11/2021 04:24
brave-patricia2,patriciajohnson@yahoo.com,07/11/2021 03:07
cool_patricia3,patriciajones@yandex.ru,24/11/2021 06:24
kind-patricia6,patricialee@bk.ru,28/11/2021 08:28
busy~patricia6,patriciamartin@iCloud.com,20/11/2021 02:20
silent~patricia2,patriciamartinez@inbox.ru,21/11/2021 09:21
rare-patricia9,patriciamiller@list.ru,24/11/2021 09:24
thebest-patricia3,patriciamoore@gmail.com,10/11/2021 12:10
lonely~patricia0,patriciarodriguez@bk.ru,27/11/2021 12:27
busy_patricia5,patriciasmith@bk.ru,07/11/2021 08:07
rare~patricia9,patriciataylor@outlook.com,29/11/2021 04:29
horny-patricia6,patriciathomas@iCloud.com,22/11/2021 12:22
busy~patricia1,patriciathompson@aol.com,14/11/2021 09:14
fresh-patricia1,patriciawhite@bk.ru,19/11/2021 10:19
angry~patricia1,patriciawilliams@yandex.ru,12/11/2021 06:12
tired_patricia4,patriciawilson@mail.ru,23/11/2021 05:23
lonely-richard2,richardanderson@iCloud.com,03/11/2021 10:03
rich~richard9,richardbrown@yahoo.com,29/11/2021 10:29
cool~richard1,richarddavis@gmail.com,19/11/2021 04:19
poor-richard1,richardgarcia@inbox.ru,25/11/2021 04:25
big_richard8,richardjackson@bk.ru,10/11/2021 07:10
poor-richard9,richardjohnson@mail.ru,03/11/2021 01:03
busy_richard8,richardjones@inbox.ru,30/11/2021 11:30
fresh-richard0,richardlee@mail.ru,29/11/2021 01:29
happy~richard6,richardmartin@outlook.com,28/11/2021 01:28
hot-richard8,richardmartinez@yahoo.com,20/11/2021 10:20
kind_richard4,richardmiller@list.ru,30/11/2021 08:30
rich~richard7,richardmoore@iCloud.com,28/11/2021 06:28
brave~richard6,richardrodriguez@yandex.ru,17/11/2021 01:17
kind-richard4,richardsmith@yahoo.com,07/11/2021 01:07
silent~richard7,richardtaylor@gmail.com,26/11/2021 08:26
nice-richard9,richardthomas@internet.ru,07/11/2021 01:07
poor~richard0,richardthompson@gmail.com,27/11/2021 12:27
quiet~richard2,richardwhite@gmail.com,25/11/2021 07:25
silent-richard8,richardwilliams@bk.ru,30/11/2021 08:30
cute-richard3,richardwilson@inbox.ru,18/11/2021 02:18
quiet_robert1,robertanderson@yandex.ru,28/11/2021 09:28
rare~robert0,robertbrown@internet.ru,14/11/2021 04:14
strong~robert5,robertdavis@yandex.ru,19/11/2021 10:19
cute-robert7,robertgarcia@rambler.ru,24/11/2021 08:24
lonely~robert7,robertjackson@mail.ru,10/11/2021 03:10
rare_robert7,robertjohnson@rambler.ru,12/11/2021 04:12
strong~robert8,robertjones@yahoo.com,20/11/2021 06:20
kind~robert7,robertlee@outlook.com,28/11/2021 02:28
rich-robert4,robertmartin@mail.ru,17/11/2021 08:17
happy_robert5,robertmartinez@internet.ru,13/11/2021 08:13
silent~robert5,robertmiller@outlook.com,16/11/2021 05:16
tasty~robert1,robertmoore@mail.ru,18/11/2021 07:18
sad_robert2,robertrodriguez@gmail.com,21/11/2021 08:21
strong_robert9,robertsmith@list.ru,19/11/2021 10:19
hot_robert9,roberttaylor@inbox.ru,24/11/2021 07:24
cool_robert1,robertthomas@mail.ru,13/11/2021 09:13
old~robert7,robertthompson@outlook.com,23/11/2021 05:23
dead-robert3,robertwhite@outlook.com,23/11/2021 02:23
clever~robert9,robertwilliams@list.ru,25/11/2021 08:25
nice-robert2,robertwilson@iCloud.com,18/11/2021 04:18
thebest-susan0,susananderson@aol.com,16/11/2021 06:16
brave_susan4,susanbrown@yahoo.com,29/11/2021 09:29
busy-susan8,susandavis@outlook.com,21/11/2021 02:21
thebest~susan4,susangarcia@rambler.ru,20/11/2021 10:20
quiet_susan3,susanjackson@mail.ru,27/11/2021 02:27
happy-susan8,susanjohnson@mail.ru,27/11/2021 12:27
poor~susan3,susanjones@mail.ru,27/11/2021 07:27
nice-susan5,susanlee@internet.ru,28/11/2021 09:28
clever_susan8,susanmartin@gmail.com,20/11/2021 11:20
big~susan5,susanmartinez@yahoo.com,20/11/2021 05:20
old_susan2,susanmiller@outlook.com,24/11/2021 10:24
brave~susan5,susanmoore@outlook.com,19/11/2021 12:19
thebest-susan7,susanrodriguez@inbox.ru,16/11/2021 01:16
tasty_susan6,susansmith@yahoo.com,27/11/2021 02:27
cute~susan2,susantaylor@aol.com,26/11/2021 02:26
fresh-susan5,susanthomas@mail.ru,23/11/2021 08:23
old_susan5,susanthompson@inbox.ru,19/11/2021 12:19
poor~susan1,susanwhite@inbox.ru,22/11/2021 02:22
silent_susan1,susanwilliams@yandex.ru,06/11/2021 04:06
silent_susan4,susanwilson@bk.ru,27/11/2021 02:27
thebest_thomas7,thomasanderson@internet.ru,17/11/2021 09:17
fresh_thomas7,thomasbrown@yandex.ru,26/11/2021 11:26
fresh_thomas4,thomasdavis@gmail.com,19/11/2021 12:19
strong_thomas0,thomasgarcia@internet.ru,15/11/2021 06:15
dead-thomas5,thomasjackson@yahoo.com,09/11/2021 09:09
rare-thomas0,thomasjohnson@bk.ru,30/11/2021 02:30
tired-thomas6,thomasjones@outlook.com,20/11/2021 04:20
old~thomas2,thomaslee@iCloud.com,25/11/2021 03:25
nice~thomas8,thomasmartin@outlook.com,23/11/2021 07:23
cool_thomas0,thomasmartinez@outlook.com,25/11/2021 02:25
big_thomas0,thomasmiller@aol.com,25/11/2021 12:25
lonely~thomas9,thomasmoore@list.ru,29/11/2021 06:29
asleep~thomas6,thomasrodriguez@bk.ru,25/11/2021 01:25
happy~thomas5,thomassmith@yahoo.com,17/11/2021 05:17
kind-thomas7,thomastaylor@internet.ru,14/11/2021 08:14
poor~thomas9,thomasthomas@aol.com,24/11/2021 02:24
cute-thomas6,thomasthompson@rambler.ru,14/11/2021 03:14
clever~thomas1,thomaswhite@iCloud.com,16/11/2021 11:16
brave~thomas1,thomaswilliams@iCloud.com,16/11/2021 05:16
hot~thomas9,thomaswilson@yahoo.com,27/11/2021 05:27
strong~william4,williamanderson@inbox.ru,20/11/2021 08:20
asleep_william3,williambrown@outlook.com,08/11/2021 02:08
poor-william8,williamdavis@internet.ru,25/11/2021 08:25
angry~william7,williamgarcia@inbox.ru,10/11/2021 10:10
hot~william1,williamjackson@bk.ru,24/11/2021 05:24
kind_william9,williamjohnson@internet.ru,12/11/2021 11:12
busy~william2,williamjones@bk.ru,20/11/2021 10:20
rich_william8,williamlee@yandex.ru,23/11/2021 01:23
thebest_william7,williammartin@iCloud.com,27/11/2021 08:27
brave_william4,williammartinez@inbox.ru,16/11/2021 07:16
tasty_william4,williammiller@aol.com,17/11/2021 08:17
nice~william0,williammoore@yandex.ru,27/11/2021 11:27
brave-william3,williamrodriguez@gmail.com,13/11/2021 04:13
nice-william0,williamsmith@yahoo.com,22/11/2021 11:22
angry-william0,williamtaylor@yandex.ru,16/11/2021 01:16
brave_william3,williamthomas@internet.ru,23/11/2021 10:23
angry_william0,williamthompson@bk.ru,30/11/2021 03:30
big~william6,williamwhite@outlook.com,26/11/2021 12:26
hot_william1,williamwilliams@iCloud.com,28/11/2021 06:28
nice~william7,williamwilson@list.ru,28/11/2021 04:28
