name;old_price;new_price
Встраиваемая посудомоечная машина De'Longhi DDW 06S;23089;31862
Вытяжка Falmec Afrodite 60/600;27694;18001
Духовой шкаф AEG BS 5836600;137564;105924
Вытяжка MAUNFELD PLYM 60;25072;22314
Кухонная мойка Alveus Line 80;5758;8349
Вытяжка Franke FMY 908 POT;73150;105336
Миксер Winner WR-261;713;791
Сушка для обуви Timson 2432;2959;3787
Весы Ladomir HA301;820;1115
Весы Momert 7462;935;532
Кухонная мойка Blanco Classic Pro 5 S-IF;30081;23162
Швейная машина, оверлок Veritas Victoria;12232;15534
Вакуумный упаковщик Hurakan HKN-V300;5848;4035
Вытяжка Best K 24 PU 60;9687;11818
Морозильная камера Frostor F2000B;81785;64610
Кофеварка De'Longhi EN 470;38552;55514
Электрочайник Redmond RK-G151;2189;2473
Вытяжка Bosch DWW 07W850;13959;20240
Холодильник Atlant XM-4210;14142;11596
Кухонная мойка Ulgran U-504;5621;6407
Стиральная машина Bosch WLK 20263;23540;17419
Водонагреватель Electrolux EWH Basic [EWH 80 Basic];18359;25335
Швейная машина, оверлок Toyota JET B 224;14905;11924
Весы Mystery MES-1805;1375;962
Вытяжка Korting KHC 6675;12355;18161
Духовой шкаф Gorenje BO 658 ST;46739;65434
Вытяжка MAUNFELD BLAST 90;24737;37105
Пылесос Black&Decker DV 9610;3993;5789
Винный шкаф Caso WineMaster 38;73150;54862
Весы Brabantia 481109;7689;9380
Вытяжка Franke FTC 612;8877;10741
Варочная поверхность Gorenje G6 N40;8558;4963
Электрическая зубная щетка Panasonic EW-DL82;6186;8969
Медицинский термометр Ramili ET3030;2189;2823
Гладильная доска Framar Vapolux-481;3949;4462
Вытяжка Kuppersberg Onda 50;9890;7417
Посудомоечная машина Electrolux ESF 7466;35517;39779
Сушильная машина Siemens WT 43W460;76890;85347
Весы Energy ENM-408;320;243
Весы Aksion BHE-31;759;1123
Стиральная машина Asko WMC64P;118800;153252
Вытяжка Pyramida WH 10-50;3848;5656
Машинка для стрижки волос Andis MBG-2  Ultra Advanced;10228;14932
Пылесос Electrolux Z 8810;20620;29280
Фен Centek CT-2234;646;562
Весы Kromax KS-516;415;581
Встраиваемый холодильник Liebherr ICS 3013;43549;25258
Холодильник Hitachi R-BG410PU6X;60445;88854
Массажер для тела Yamaguchi Axiom Matrix;9009;7207
Утюг Termozeta Super Comfort 1000;46200;66066
Варочная поверхность Neff N 74TD00N0;86889;60822
Духовой шкаф Smeg SF99;50787;35550
Миксер Gemlux GL-SM6.8GR;7763;8772
Вытяжка Korting KHC 6956;13191;7914
Плита Gorenje EC 52120;20240;22466
Варочная поверхность Smeg SR775OT;42863;38148
Вытяжка Cata TF 5250;4830;3284
Стиральная машина Miele WMV 960 WPS;208890;123245
Электрочайник Bugatti VERA;24079;19744
Вытяжка Zigmund&Shtain K 002.51;6263;9269
Весы Beurer KS19;1210;1790
Вытяжка Elica Wave F/51;55487;71578
Вытяжка Falmec Liberty 85/800 Isola;117810;159043
Стиральная машина Bosch WAW 24440;44364;38153
Вытяжка Kuppersberg SlimLux 60;7285;8960
Тостер Velikie Reki Pyshka-8;1122;964
Пылесос Karcher CV 38/2;35200;24287
Вакуумный упаковщик Rommelsbacher VAC 155;7821;4145
Швейная машина, оверлок Jaguar EL-109;5170;3205
Встраиваемая посудомоечная машина Electrolux ESL 8820;68200;49104
Стиральная машина Whirlpool AWOC 8100;34199;25649
Духовой шкаф Siemens HB 56LS552;55418;43226
Стиральная машина Gorenje MV 75Z43;22495;29918
Духовой шкаф Kuppersberg HA 663;31350;46398
Фен Atlanta ATH-882;437;275
Весы Gelberk GL-250;474;601
Весы Beurer BF480;2310;2055
Духовой шкаф Fornelli FE 60 Universo;20779;25350
Маникюрный набор Bradex KZ 0424;383;482
Электрочайник Polaris PWK 1575CL;1089;1437
Электродуховка Simfer M4597;14421;20766
Вытяжка Kuppersbusch KD 6210.2 E;44441;39552
Вытяжка DACH TIFANI 50;13585;7200
Водонагреватель Thermex ID [ID-50 V];12551;18826
Утюг Philips Azur Advanced GC 4939;12089;7253
Водонагреватель Drazice OKC 1m2 [OKC 125/1m2];26169;35589
Кухонный комбайн First FA-5113;1537;1260
Электрочайник Vitek VT-1180;3546;4184
Тостер Velikie Reki Kuban-5;924;1071
Сушильная машина Siemens WT 45M260;50380;74058
Стиральная машина Samsung WF1600WRW;65219;91306
Электрочайник Maxwell MW-1014;904;804
Пылесос Karcher SE 4001;14729;9131
Вытяжка Elica Empty Sky Sense F/120;287089;252638
Хлебопечка MAXIMA MBM-0219;6149;3996
Кофеварка Maxwell MW-1657;973;651
Швейная машина, оверлок Brother Universal 17;6231;8224
Встраиваемая микроволновая печь Kuppersbusch EMWGL 3260.0;66911;92337
Картридж для воды Novaya Voda K255;3993;4711
Машинка для стрижки волос Irit IR-3350;350;475
Варочная поверхность Teka VR TC 95 4I;81510;66023
Вытяжка Cata Thalassa 900;29432;33846
Весы Caso Body Solar;2706;2002
Весы Maxwell MW-1452;910;1101
Электрочайник Panasonic  NC-GK1WTQ;2816;3351
Вытяжка Kuppersberg SlimLux II 60;8787;10192
Электродуховка Simfer M3510;4246;5349
Весы Sakura SA-6054;667;960
Эпилятор Braun SE 9941;8750;4550
Весы Sanitas SGS43;2530;1796
Холодильник Liebherr KBbs 4350;125602;169562
Встраиваемая посудомоечная машина Electrolux ESI 7510;40260;28182
Кулер для воды HotFrost V127B;18139;10157
Встраиваемая пароварка Beltratto VFMC 4500N;43868;56151
Фен Philips BHB 868;2748;2225
Швейная машина, оверлок Janome MC 1530;28589;36308
Мясорубка Zelmer 987.83;15169;8494
Кухонный комбайн Gemlux GL-SM4.5G;8721;7325
Весы Smile KSE 3269;554;786
Плита Beko CSG 62000;13400;11524
Электродуховка Redber EO-1810;2794;2514
Вытяжка Jet Air Anny SL 60;6292;9312
Вытяжка Lex Biston Eco 600;5313;4303
Фен Ermila  4430-0040;2970;1752
Кухонная мойка Blanco Favos;10874;8372
Весы Sima-land 722627;937;749
Вытяжка Candy CGM 61;10753;11935
Кухонная мойка Blanco Ypsilon 550-U;31887;39221
Водонагреватель Thermex ID [ID-80 V];15196;10333
Швейная машина, оверлок Janome 5522;8965;7620
Варочная поверхность MAUNFELD EGHG 64 33CBG R;14839;12019
Варочная поверхность Smeg S60GHS;34628;40861
Фен Centek CT-2017;700;525
Массажер для тела AMMA Drive 3D;10780;7222
Кухонная мойка AquaGranitEx M-14;6116;3608
Пылесос Rolsen C-2221 THF;6374;3633
Утюг Galaxy GL6107;1549;1161
Электрочайник Irit IR-1228;773;533
Вытяжка Kuppersberg F 925;25971;38696
Плита Bosch HGA 23W125R;37140;28969
Вытяжка Shindo Emi 60;2651;1511
Пылесос KITFORT KT-510;2262;2035
Духовой шкаф ARDESIA HX 060;18249;9489
Встраиваемая посудомоечная машина Neff S 58E47 X2;34665;44717
Варочная поверхность Hansa BHGI61015;10989;12417
Микроволновая печь Midea MM 720 CWW;3404;4595
Холодильник Nord 70;7018;4280
Мясорубка Aksion M 33.03;5489;2744
Встраиваемая стиральная машина Neff V6540X1;105589;122483
Пылесос Redmond RV-329;2860;2516
Вытяжка Kaiser A-6315;24629;28569
Фен Dewal 03-95;2536;2003
Фен Rowenta CF 3352;1405;1868
Вытяжка Teka DOS 60;21553;11854
Духовой шкаф Rainford RBO-3616 R;32644;46028
Вытяжка De'Longhi Monte Pollino 60;21450;17160
Вытяжка Akpo Kastos 90;14190;17311
Электрочайник De'Longhi KBJ 2001;3718;3197
Вытяжка Hotpoint-Ariston HHBS 6.7F LL;16913;22325
Стиральная машина Siemens WM 12E145;40478;23072
Фен Ksitex F-1400 ION;1504;857
Весы Delta D9231;493;320
Фен Polaris PHD 2259STI;1435;1793
Холодильник Bosch KGE39XL20;37390;43372
Пылесос Zelmer Aquawelt 919.0 ST;12639;14914
Встраиваемая посудомоечная машина Smeg ST324;55734;65208
Духовой шкаф Siemens CS 658GRS1;72589;96543
Электродуховка Galaxy GL 2618;4389;5969
Микроволновая печь Redmond RM-2001;4402;5238
Духовой шкаф Samsung NV70K1340BB;15840;21225
Холодильник Liebherr T 1710;16086;10134
Стиральная машина Candy GV4 137 TC1;15900;9222
Вытяжка Lex Mini 600;5800;4118
Духовой шкаф Siemens HB 655GBS1;36179;40520
Варочная поверхность Gorenje GHS 64 ORA;24332;14842
Пылесос Samsung Anti-Tangle VC-18M2110SP;6099;7135
Швейная машина, оверлок Janome CoverPro D Max;32989;24411
Кофеварка Philips Senseo Sarista HD 8030;32970;16814
Холодильник Bosch KGS39XW20;40690;48828
Холодильник Liebherr CTP 3016;26026;34094
Стиральная машина Siemens WM 14N290;38055;31585
Стиральная машина Samsung WF70F5E5W2X;30630;26341
Варочная поверхность Franke FHC 604 4C T BP;23403;14743
Весы Delta KCE-32;745;402
Встраиваемая посудомоечная машина Whirlpool WBC 3C26;44000;64680
Вытяжка Falmec Spring 80/600 Isola;194040;106722
Весы Atlanta ATH-6181;496;610
Швейная машина, оверлок Jaguar Katty;4895;3132
Пароочиститель Karcher SC 4;16390;20159
Электродуховка Ariete 974;10393;11640
Вытяжка Elikor Epsilon 50;4360;3313
Кухонная мойка Elleci Quadra 105;13533;16239
Пылесос Mystery MVC-1125;2546;3411
Вытяжка Smeg KSED95P;32815;29533
Стиральная машина Whirlpool AWOE 8560;33719;39114
Массажер для тела CS Medica VibraPulsar CS-v2;2200;2640
Кофемолка Delta DL-93K;705;620
Весы AEG PW 5571;1628;1058
Варочная поверхность Thor TEB 640 4G AI AL;9009;11621
Микроволновая печь Midea EM 720 CKE;4015;4938
Вытяжка MAUNFELD LONDA 90;21987;15171
Картридж для воды Gejzer BAF-10SL;536;332
Массажер для тела Medisana MC 810;4389;2940
Стиральная машина Hotpoint-Ariston AQS70F 05;18694;11403
Швейная машина, оверлок Leader VS 320;7689;4152
Духовой шкаф Zanussi ZOG-11311;26486;14567
Плита Kaiser HGE 52301;37479;44974
Весы Centek CT-2412;760;410
Швейная машина, оверлок Brother RS-11;6040;8033
Электрочайник Centek CT-0038;971;796
Плита VES V-CP3;2365;3027
Вытяжка Gorenje DK 6335 X;8019;5452
Кофеварка De'Longhi EN 125;6345;3870
Духовой шкаф ARDESIA HEN 083;23677;13259
Пылесос Gorenje VC 1615 G;3333;4066
Плита Artel Milagro E;10659;5436
Электрочайник Vitek VT-1184;2090;2403
Вытяжка Whirlpool AKR 773;8393;7553
Вытяжка Zigmund&Shtain K 226.61;27452;37334
Духовой шкаф Teka HKL 870;49612;58046
Весы Mayer & Boch MB 21301;816;571
Утюг Ladomir CA106;528;464
Вытяжка Best EYE-EYE 80;61105;31774
Плита Tesler GS-10;562;736
Электродуховка Saturn ST-EC1076;3575;4790
Весы Scarlett SC-BS33E086;1494;1942
Холодильник Hitachi R-C6200U;265595;138109
Встраиваемая посудомоечная машина Bosch SMV 24AX01;20438;11445
Вытяжка Elikor Venta 60;4719;3303
Микроволновая печь Panasonic NN-GD371;14727;19439
Электродуховка Artel MD 4212 E;5121;4352
Вытяжка Krona Mila 500 3P;13799;12419
Пароочиститель Polti Vaporetto SV300;6646;4519
Встраиваемая посудомоечная машина De'Longhi DDW 08S;25190;21411
Духовой шкаф Neff B45E42 N0;43668;24454
Микроволновая печь LG MW-20R46DARB;6388;7601
Морозильная камера Liebherr GNP 3755;58822;66468
Посудомоечная машина Bomann GSP 849;26945;20208
Электрогриль First FA-5337-3;891;1202
Стиральная машина Beko ELB 57021;15510;13183
Электрочайник StarWind SKP 4622;1133;1416
Электрочайник Zelmer CKE820;1109;1297
Варочная поверхность Smeg SEFR536X;54156;34659
Встраиваемый холодильник Liebherr UIK 1620;37697;47875
Водонагреватель Stiebel Eltron DHF [DHF 13];30404;41653
Холодильник Hitachi R-G630GU;296945;344456
Плита JARKOFF JK-7222;650;786
Посудомоечная машина Electrolux ESF 8555;44425;49756
Пароочиститель Monster SC20-S;2255;2683
Водонагреватель Austria Email VT FRMR [VT 2500 FRMR];699083;615193
Микроволновая печь Horizont 20MW700-1378;3003;4204
Весы Espada SC-3;438;643
Морозильная камера Bravo XF-102JA;8869;12682
Фен Remington AS 8090 Keratin Therapy Pro;7062;5296
Кухонная мойка Mixline ML-GM20;5324;7134
Пылесос LG V-K75W02HY;7788;7009
Фен Hairway 04090;2263;1946
Утюг Scarlett SC-SI30P06;1225;1408
Вытяжка MAUNFELD TOWER ROUND 60;9059;9964
Варочная поверхность Darina 1T16 BGM 341 11;9889;6625
Стиральная машина AEG L 16950;62799;37051
Винный шкаф Climadiff CVV265;170940;205128
Варочная поверхность Bosch PIA 645 B18E;17469;21137
Весы Kromax Aurora-533;400;332
Водонагреватель Hajdu AQ [AQ100];11803;9442
Холодильник Gorenje RK 60359;71391;85669
Варочная поверхность Schaub Lorenz SLK GB6220;14289;20719
Медицинский термометр Maman FDTH-V0-3;361;277
Пылесос LG V-K75W02HY;7788;5607
Пароочиститель Monster MB-10800;3960;4633
Морозильная камера Frostor F500C;26290;29707
Утюг Maxwell MW-3049;1637;1898
Весы SOEHNLE 66178 Page Evolution;1521;1749
Кухонная мойка Zigmund&Shtain PLATZ 560;5997;6956
Электрочайник Delta DL-1233;1527;2076
Массажер для тела Beurer MG 261;14300;11583
Весы Supra BSS-6051;1097;866
Весы BBK BCS7001;855;1282
Кулер для воды Ecotronic B60-U4T;30470;42353
Пылесос Bosch EasyVac 3;4929;6161
Духовой шкаф Miele H6260B;126500;74635
Варочная поверхность Bosch PPS 816 M91E;42405;23322
Мультиварка Polaris PMC 0563AD;3837;5602
Вакуумный упаковщик Indokor IVP-430PT/2;66352;92892
Духовой шкаф MAUNFELD MEOF 676;22266;18926
Духовой шкаф AEG KS 8100001;62060;54612
Электробритва Sakura SA-5415;939;554
Холодильник GRAUDE SBS 180.0;104490;59559
Кухонный комбайн Electrolux EKM 4000;22968;26872
Электрочайник Smile WK 2403;874;1083
Электродуховка Artel MD 3216;2791;1451
Пылесос Polaris PVC 1823;4719;5521
Микроволновая печь Candy CMW 2070 DW;3828;2947
Вытяжка Franke FBI 502;6186;8660
Фритюрница Fimar FT 8;14806;18655
Массажер для тела OTO VIBE VB-100;7590;11233
Вытяжка Neff D 46BR22 X0;14925;22387
Плита Scarlett SC-HP700S01;663;556
Весы Unit UBS-2150;627;476
Фильтр для воды Xiaomi Viomi Filter Kettle L1;3628;4063
Кухонная мойка Zorg SZR-4438;12375;10023
Вытяжка Falmec Horizon 120/800;125356;141652
Пылесос Hammer PIL50A;7478;4561
Кухонная мойка Franke Peak PKX 110-34;65296;50277
Вытяжка Whirlpool AKR 773;10338;5582
Весы Atlanta ATH-6202;702;456
Швейная машина, оверлок Toyota Super Jeans 34;11495;6092
Кухонная мойка Teka Universo 1 1/2 B 65.50;6732;7674
Швейная машина, оверлок Janome 843;5556;3222
Водонагреватель Thermex Flat Smart Energy [FSS-50 V];9795;13125
Весы Smile KSE 3212;1049;1185
Кухонный комбайн Bosch MUM 9YX5S12;73700;87703
Весы Eurostek EKS-5000;680;448
Электробритва Panasonic ES-LT2N;8758;5605
Весы Karl Weis 10516;1560;1887
Весы Maxwell MW-1477;673;572
Весы Aresa SK-409;770;677
Вытяжка Korting KHC 6431;5583;3461
Плита Hansa FCGW54001017;12611;6809
Кухонная мойка Smeg LSEG860A-2;30019;15910
Вытяжка Siemens LI 44630;26123;38139
Стиральная машина LG FH0H3NDS1;22660;15861
Вытяжка Jet Air Erika 60;11429;6857
Варочная поверхность Gorenje GIS 67 XC;42509;54411
Гладильная доска Leifheit AirSteam Premium L;13090;10733
Мясорубка Unit UGR-457;3597;4891
Стиральная машина Miele WKH 132 WPS;148390;108324
Водонагреватель Hajdu IND F [IND 100 F];10175;8547
Пылесос Delta DL-0828;3019;3320
Швейная машина, оверлок Janome Dress Code;7590;11081
Встраиваемая пароварка Miele DGC 6805;385000;331100
Вытяжка Hankel DKE 156;15950;20097
Кухонный комбайн Hotpoint-Ariston FP 1009 AX0;8151;10759
Вытяжка Kuppersberg DRM 900;25864;38020
Варочная поверхность Hotpoint-Ariston PK 640 R;13530;17318
Стиральная машина Beko WKY 61231;18590;23795
Вытяжка MAUNFELD TOWER L PUSH 60;8281;11841
Микроволновая печь Sinbo SMO 3659;4086;5556
Пылесос Galaxy GL 6256;1217;985
Кухонная мойка Omoikiri Yonaka 61;9698;7758
Кухонная мойка Weissgauff Corner 890;9229;12274
Кулер для воды Ecotronic G4-LM;18590;25282
Вытяжка MAUNFELD CLYDE C 50;9317;8292
Утюг Supra IS-2201;895;1127
Вытяжка Smeg KD120X-2;50622;70364
Вытяжка Krona Betty  600 Push Button;9878;14619
Тостер Princess 132401;1947;2297
Духовой шкаф Zigmund&Shtain BN 20.504;28983;16810
Духовой шкаф Zigmund&Shtain EN 68.511;33383;17692
Весы Delta D9238;513;425
Варочная поверхность Gefest PVG 2231-01;11649;14561
Весы Atlanta ATH-6214;446;584
Вытяжка Shindo Maya Sensor 500;6644;9567
Кухонная мойка Blanco Zenar XL 6S;28372;36883
Вытяжка Akpo Dandys 60;7139;4711
Пылесос Karcher T 15/1;29775;36325
Посудомоечная машина Hansa ZWM-646;18619;15826
Кухонная мойка Elleci Sirex 400;21450;15658
Вытяжка Kuppersbusch EDIP 6450.0 E;44441;26664
Посудомоечная машина Siemens SN 25M282;40689;54116
Варочная поверхность Lex GVG 640-1;11517;14050
Вытяжка Zanussi ZHT 630;5225;7419
Весы KITFORT KT-802;814;691
Вытяжка MAUNFELD CORSA LIGHT 60;7128;5987
Встраиваемая кофеварка Neff C77V60N2;72438;107208
Маникюрный набор Gess GESS-604;572;423
Вытяжка Cata GL 75;23452;28611
Водонагреватель Nofer SB [SB 75];16582;23712
Пылесос Philips FC 8454;4616;6000
Вытяжка Krona Natali 900 3P-S;20322;15851
Хлебопечка Supra BMS-191;4081;5223
Стиральная машина Hansa WHS1255DJ;24090;33726
Холодильник Neff K5880X4;82490;117960
Машинка для стрижки волос Harizma H10116 Control Cut Pro;3837;5410
Духовой шкаф Electrolux EOB 8751;60487;78633
Микроволновая печь Beckers MWO A3;12105;14041
Соковыжималка Clatronic ZP 3066;1208;761
Гладильная доска Leifheit AirSteam Compact M;10549;11709
Весы Galaxy GL4805;627;865
Варочная поверхность Bosch PIB 672 F17E;31230;46845
Вытяжка Jet Air Round 90;16599;19254
Вытяжка Zigmund&Shtain K 326.61;13088;10863
Машинка для удаления катышков Luazon LUK-01;174;97
Холодильник Vestfrost VF 185 MH;38489;47341
Кухонный комбайн KitchenAid 5KSM175;46585;37268
Варочная поверхность Indesit VRM 641 MD;15475;23212
Варочная поверхность Teka TBR 620;24178;19825
Духовой шкаф LORE EO 5M-2G;15048;21518
Кофеварка Promac Green P161;150700;91927
Машинка для стрижки волос Irit IR-3309;322;399
Миксер Eurostek EHM-354;1133;713
Кухонная мойка GranFest Standart GF-S645L;6380;5359
Микроволновая печь Caso IMCG 25;22561;18725
Духовой шкаф Gorenje BO 637 ST;34933;27946
Весы Clatronic KW 3416;1144;983
Стиральная машина Miele W 667;109890;157142
Стиральная машина Hotpoint-Ariston AQS1D 29;31037;37244
Мультиварка Redmond RMC-PM380;7909;10835
Холодильник Smeg SBS963N;349129;205986
Вытяжка MBS Jasmin 160;20288;29214
Плита RICCI JDL C21E4;3210;4686
Стиральная машина Hotpoint-Ariston VMSL 5081;14839;21071
Массажная ванночка для ног Medisana WBB 88373;4552;3095
Фильтр для воды Gejzer Bastion 121 1/2;2957;4051
Кухонная мойка Teka Texina 45E TG;11684;10515
Духовой шкаф Kaiser EH 6967;30767;24305
Машинка для стрижки волос Remington HC-335;1343;1947
Вытяжка Elica Circus F/90;12833;18094
Водонагреватель Drazice OKCV [OKCV 200];29920;26329
Плита Gorenje EC 57302;21554;10992
Фен Philips BHB 876;9753;7217
Водонагреватель Protherm BS [B200S];41825;55627
Весы Vigor HX-8221;713;406
Холодильник Liebherr CNP 4003;51700;64108
Вибротренажер HANSUN HS311C;34210;20526
Весы Beurer LS10;1320;1966
Встраиваемая пароварка Smeg SC45V2;79079;51401
Электрочайник Gelberk GL-339;1617;2247
Вытяжка Elica Nuage F/75;89087;100668
Вытяжка Kaiser AT-6408;30087;26476
Плита Kromax IP-32;2563;3793
Духовой шкаф Smeg F610;49718;27344
Весы Supra BSS-2004;1309;1688
Пылесос MAGNIT RMV-1967;2189;2495
Медицинский термометр Canpol Babies 9/104;412;292
Микроволновая печь Daewoo KOR-663K;6149;8301
Электрочайник Energy E-266;861;749
Электрочайник Sinbo SK-7319;895;572
Вытяжка MAUNFELD IRWELL G 90;12182;10476
Духовой шкаф Electrolux EVY 0946;61358;81606
Плита Gemlux GL-IC5100PRO;23100;12705
Стиральная машина Vestel FLWM 1040;16021;17623
Фен Polaris PHD 1463;658;802
Микроволновая печь Gorenje MO-17 DW;4389;4871
Плита Darina 1D1 GM 241-022;14322;9738
Электрическая зубная щетка Philips Sonicare PowerUp HX3110;2458;3539
Пылесос Scarlett SC-VC80C93;2391;1841
Духовой шкаф Simfer B 6EM 45001;23945;15803
Электрочайник Sinbo SK-7364;887;691
Весы Mystery MES-1807;690;903
Соковыжималка Kuvings NS-993;19173;14188
Вытяжка Darina UMBRELLA 503;4323;2420
Встраиваемый холодильник Zanussi ZUA 14020;28440;36972
Весы Beurer JGS22;2200;2904
Варочная поверхность Hotpoint-Ariston DD 641;18031;24161
Вытяжка Falmec Dora 90/600;36620;27465
Холодильник Panasonic NR-BW465V;71445;61442
Швейная машина, оверлок Janome MC 4900;30250;38417
Весы Delta BA-4001;465;385
Вытяжка Zigmund&Shtain K 330.41;36450;42282
Духовой шкаф Kuppersberg HO 657;23595;17224
Весы Clatronic PW 3368;847;948
Холодильник Hitachi R-E6800U;395945;292999
Электрочайник Laretti LR7505;2039;2936
Весы Yunmai Mini Smart Scale;2519;2090
Микроволновая печь BBK 20MWG-738M;4631;3843
Электрочайник Kromax KR-226;759;971
Вытяжка Kuppersbusch EDL 12750.0 BGE;199309;255115
Вытяжка Exiteq Standard 601;4180;3385
Плита Kromax IP-35;1985;1488
Посудомоечная машина Zanussi ZDS 3010;17809;11219
Плита Vitek VT-3701;1189;653
Варочная поверхность Samsung C61R1ADMST;17209;25469
Кофемолка Delta YAR-501;547;645
Фен CoifIn CL5H-R;3188;2072
Мясорубка StarWind SMG2521;2277;1889
Водонагреватель Evan B1 [B1-15];18370;24615
Фен Braun HD 550;2795;2403
Пылесос Midea VCB33A1;1757;2635
Варочная поверхность Nardi BH 40 HAV;8165;4654
Швейная машина, оверлок Janome DC 4100;26400;18216
Стиральная машина Siemens WM 16S75;86900;101673
Варочная поверхность Lex GVG 640-1;11154;13161
Миксер Unit UBI 402;1174;927
Плита LUMME LU 3606;550;775
Соковыжималка KITFORT KT-1102;5269;5953
Стиральная машина Vestfrost VFWM 1041;26180;18849
Кухонная мойка Omoikiri Yonaka 78;13748;17185
Вытяжка Fulgor Milano CHDD 12010;138215;89839
Массажер для тела Beurer MG 80;5500;8140
Винный шкаф Dunavox DAU-46.146DB;118690;178035
Мясорубка Redmond RMG-1219;2967;4064
Микроволновая печь Samsung MS23F301TQR;8778;12991
Духовой шкаф Fornelli FET 45 Rispetto;18425;27084
Вытяжка Cata GL 75;21106;15618
Электрочайник Scarlett SC-ET10D03;3058;3394
Посудомоечная машина Bosch SKS 40E22;16479;19610
Вытяжка Akpo Vario ECO 90;14179;19850
Холодильник Vestfrost VF 185 MH;38489;30406
Кухонная мойка Seaman ECO Glass SMG-730;17325;13860
Вытяжка MAUNFELD PLYM LIGHT 90;11016;6940
Электрогриль Centek CT-1448;803;1140
Миксер LUMME LU-1830;1318;1634
Эпилятор Braun SE 7931;10230;5524
Кухонная мойка Ulgran U-205;5654;7124
Кухонная мойка Florentina Vega 160;3758;3307
Вытяжка Elikor Agat 60;10542;8855
Пылесос Bosch BSA 3125;8679;12063
Вытяжка Zigmund&Shtain K 217.91;31053;36332
Кулер для воды Aqua Work 36-TWN;1963;2728
Пылесос Panda X1;23529;16470
Утюг Irit IR-2215;1848;1607
Картридж для воды Gejzer RO-25308;768;622
Кухонная мойка Schock Calipso 45;16522;23461
Кофемолка Mikma IP-32;834;1125
Фен PARLUX 3000;6490;8177
Вытяжка De Dietrich DHD 1128;139189;197648
Электрочайник Supra KES-1709;1221;659
Мясорубка Philips HR 2713 Daily Collection;4609;6775
Кухонная мойка AquaGranitEx M-09;5786;5091
Эпилятор Braun BD 3003;18331;10082
Электрочайник VES 1022;1570;879
Пылесос Krausen Eco 900;11539;14077
Стиральная машина Electrolux EWT 1567;45089;25700
Электрочайник LUMME LU-249;1527;1023
Утюг Atlanta ATH-5494;657;512
Варочная поверхность Siemens EH 651FFB1;31843;19105
Духовой шкаф Neff B57CS24 N0;115489;88926
Пылесос Tefal TW2523;4056;4502
Швейная машина, оверлок Pfaff Performance 5.0;142890;128601
Пылесос Polaris PVC 1617;3199;1951
Посудомоечная машина Electrolux ESF 4500;34969;20981
Холодильник Liebherr T 1714;16016;13773
Весы Scarlett BS34ED40;2519;3047
Духовой шкаф Bosch HBN 211S6;16489;14345
Пылесос Karcher CV 30/1;31999;17279
Вытяжка MAUNFELD RETRO FRAME 60;12311;7509
Весы Scarlett SC-BS33E057;1089;849
Вытяжка Faber Flexa M6 A 60;6589;8697
Термометр / барометр RST 01593;1538;1784
Кофеварка De'Longhi Pixie C60;11361;12497
Стиральная машина LG F12U1HDS1;33704;47522
Миксер Bosch MSM 2413;1463;1740
Вытяжка Whirlpool AKR 672;6259;5007
Электрочайник LUMME LU-134;814;488
Кухонная мойка Reginox Nevada 30-40;96415;82916
Кухонная мойка Whinstone Orion;7898;8924
Вытяжка Akpo Feniks Isla 90;25289;17449
Вытяжка Neff D 76MH52 N0;36729;31954
Пылесос iRobot Roomba 770;30580;33638
Вытяжка Lex Paris Isola 900;20872;26716
Швейная машина, оверлок Pfaff Creative 2.0;113300;132561
Кухонная мойка RODI Alfa Deep;16500;19965
Духовой шкаф Bompani Forno Retro;54989;36292
Фен Zimber ZM-10903;752;834
Стиральная машина AEG L 99691;104390;87687
Варочная поверхность Darina 4P E326;9812;12166
Стиральная машина Bosch WAW 28740;67089;50987
Швейная машина, оверлок BERNINA Bernette Milan 2;16170;23931
Духовой шкаф Candy FPP 602/1;23824;18582
Электрочайник Midea MK-8052;1969;1772
Уборочная машина Cleanfix R 44-120;118140;64977
Вытяжка Faber Scrigno Hip A 60;38038;20920
Весы Galaxy GL4802;628;357
Электрочайник Vitek VT-1196;3342;4645
Фен BBK BHD1200;407;484
Пылесос Dyson V8 Absolute;33000;18480
Встраиваемая микроволновая печь Bosch BFR 634GB1;36245;50743
Микроволновая печь Bosch HMT 75M451;7491;5318
Варочная поверхность Korting HG 631 CTX;17242;21380
Швейная машина, оверлок Jaguar 714D;23969;15100
Вытяжка ARDESIA Pulsar 60;10340;14372
Вытяжка Exiteq EX-1016;14465;20974
Варочная поверхность Bosch PKF 645 CA1E;15070;21399
Швейная машина, оверлок Pfaff Quilt Expression 3.0;81950;59004
Пылесос Arnica Terra Plus;10208;12351
Вытяжка Falmec Elektra 67/800 Isola;96257;127059
Кухонная мойка Omoikiri Manmaru 62;8972;5831
Вытяжка Best P 740;8266;4794
Весы Dobrynia DO-3004;658;348
Весы Redmond RS-708;1188;629
Вытяжка RICCI RRH-2260;4363;4973
Микроволновая печь Samsung ME83ARW;7841;6508
Швейная машина, оверлок Janome TC 1206;4786;5408
Фен Remington AS 8110;4717;3301
Электрочайник Viconte VC-3258;525;756
Вытяжка Krona Seliya 500 Push Button;9394;4884
Плита Hansa FCGW61021;17334;20974
Кухонный комбайн Kenwood KHH 326 MultiOne;22220;19553
Пылесос AIRLINE CYCLONE-3;1593;1847
Швейная машина, оверлок Singer 4432;10341;11788
Плита Indesit KN 1M117;14302;10726
Массажер для тела Medisana ITM;3837;2685
Варочная поверхность Zigmund&Shtain MN 115.91;20934;30144
Винный шкаф IP Industrie C 501;282590;237375
Фен Remington CI 5319;2079;2661
Вытяжка Falmec Platinum 97/800;98821;88938
Водонагреватель Mora Vega [Vega 16];23562;12723
Холодильник Biryusa 118;12989;14677
Йогуртница Maxwell MW-1443;3850;3272
Духовой шкаф Hansa BOEI69422;18799;10527
Кулер для воды Ecotronic C21-LFPM;16830;18681
Холодильник Kraft BR-50;8695;5303
Весы Scarlett SC-1215;979;548
Вытяжка Korting KHT 6230;4275;6369
Холодильник Candy CKBN 6180;22070;28911
Вытяжка Zigmund&Shtain K 129.51;5982;4725
Вытяжка Krona Ella 600;19844;16470
Кухонная мойка Reginox L18 4035;8217;6737
Плита Gorenje GI 5322 XF;38489;48881
Встраиваемый холодильник Bosch KIN 86VF20;47597;65207
Фен Sinbo SHD-2696;836;936
Кухонная мойка Frap F5050;2323;2857
Электрочайник Kromax KR-312;594;819
Фен Remington D 5219 Your Style;2904;2352
Посудомоечная машина Kaiser S 4586 XL;45223;62407
Посудомоечная машина Bosch SPS 58M18;36938;19577
Электрочайник Scarlett SC-ET10D13;3686;4754
Микроволновая печь Caso M20 Easy;7698;11393
Холодильник LG GA-B429SQCZ;34811;52216
Миксер Kelli KL-5053;1100;1265
Вытяжка Schaub Lorenz SLD WB6500;5489;2854
Водонагреватель Atlantic Steatite Cube S4CM [Steatite Cube 150 S4CM];23870;13128
Пылесос Dyson V7 Absolute;30690;17186
Электрочайник Ladomir 115;1056;1478
Морозильная камера Gorenje FH 400;24436;13684
Вытяжка Krona Kamilla Slim 2M 600 3P;6370;4395
Стиральная машина Zanussi ZWS G7101;16390;22782
Духовой шкаф Zanussi ZOB-535712;24113;29900
Весы SOEHNLE 63308 Solar Sense;3947;5210
Весы SOEHNLE 66160 Flip;1729;1538
Весы Smile KSE 3265;575;304
Пароочиститель Karcher SC 5 Iron Kit;25527;12763
Вытяжка Centek CT-1820 60;3789;2311
Пылесос Supra VCS-1615;1970;1773
Гладильная доска Brabantia 510342;13189;11474
Встраиваемая посудомоечная машина Siemens SR 64E006;22517;28146
Холодильник DON R 291;15116;12697
Электродуховка TRISTAR OV 1435;4349;5088
Встраиваемая посудомоечная машина Beko DIS 5831;20449;12269
Вытяжка Kaiser A-9315;28809;38604
Плита De Luxe 506004.00;11808;14169
Швейная машина, оверлок Elna 3005;20889;15040
Швейная машина, оверлок Toyota JB 01;7920;9108
Фен Aresa AR-3202;658;723
Духовой шкаф Midea MO 47000;18304;13911
Весы Redmond RS-715;1859;1022
Электрочайник Centek CT-0042;1089;1372
Плита Beko FSM 62320;18441;14937
Миксер RawMid BDL-09;24090;30112
Холодильник Samsung RB33J3420EF;41789;37610
Морозильная камера Liebherr GTE 3002;41783;57660
Вытяжка Shindo Avior Sensor 600;16353;18805
Стиральная машина Leran WMXS 10632 WD2;20240;23073
Вытяжка Krona Jessica Slim 600 Push Button;3208;3849
Вытяжка Siemens LF 98BC542;41679;56266
Кухонный комбайн KitchenAid 5KSM7580;67036;79772
Стиральная машина Whirlpool TDLR 65210;25740;28314
Весы Delta KCE-41;521;422
Фен BBK BST1025;539;625
Водонагреватель Garanterm MGR [MGR 30];6050;4235
Вытяжка LG DCE9601SU;10890;12196
Миксер Clatronic MZ 3579;1314;1905
Холодильник Bosch KGS39XL20;43550;29613
Холодильник General Electric RCE 24 KGBF;189750;248572
Кухонная мойка Elleci W-Square 340;9867;12037
Вытяжка Akpo Zefir ECO 90;18370;9552
Термометр / барометр Mikhail Moskvin 05.8AB;6022;7045
Встраиваемая посудомоечная машина Electrolux ESL 97540;84469;60817
Электрочайник Kelli KL-1313;1329;717
Электродуховка Simfer M4297;10329;5990
Кухонная мойка AquaGranitEx M-09K;6930;9563
Кухонная мойка Dr. Gans Nika 580;5350;3530
Пылесос Scarlett SC-VC80B01;3045;1887
Весы Home-Element HE-SC907;459;518
Плита Zanussi ZCV965201;33225;20931
Вытяжка Bosch DWA 09D651;39259;34940
Утюг Zimber 11046;572;789
Машинка для стрижки волос Mikma 403;327;428
Кухонная мойка RODI Box Line 34;17732;12057
Водонагреватель Thermex Ultra Slim [IU-40 V];9955;8561
Вытяжка Whirlpool AKR 759;25126;20100
Холодильник Bosch KGE39AI2O;40687;45976
Плита Bosch HGA 23W125R;32659;22208
Вытяжка Falmec Iris Piastrelata 120/600;54208;43366
Встраиваемый холодильник Liebherr IK 1620;39820;33050
Фен BaByliss ST395E;6589;9554
Фен CoifIn NE1-ion;2962;3643
Швейная машина, оверлок AstraLux H30A;16709;19215
Вытяжка Krona Inga 600 Push Button;13207;14923
Машинка для стрижки волос LUMME LU-2506;633;500
Фен Centek CT-2020;1084;747
Весы Caso L10;2684;3757
Вытяжка MBS Pilea 160;5390;7060
Кухонная мойка Blanco Subline 375-U;39512;24497
Стиральная машина Gorenje W 65FZ03;19360;27297
Вытяжка MAUNFELD TRENT GLASS 60;11431;15317
Микроволновая печь Supra MWS-1806MW;3547;1986
Духовой шкаф Hotpoint-Ariston FA2 841 JH;20229;25488
Швейная машина, оверлок Brother SL-10;5885;5178
Стиральная машина Siemens WS 12M441;58179;80287
Весы Kromax KS-522;757;590
Весы MAGNIT RMX-6182;537;413
Кухонная мойка Blanco Andano XL 6S-IF Compact;37400;56100
Водонагреватель Superlux NTS PL [NTS 10 R PL];4261;5070
Пылесос KITFORT KT-517;7029;5904
Духовой шкаф Siemens HB 78G4581;93405;116756
Водонагреватель Oasis Turbo [24 TUR];9680;11519
Электрочайник JARKOFF JK-202;506;662
Тостер Scarlett SC-TM11036;1172;1605
Плита Gefest 3200-05;11792;5896
Пылесос Miele S 8310;18829;27866
Водонагреватель Thermex Hit [H-10 O];4134;4671
Вытяжка Kaiser A-9414;19879;16499
Кухонная мойка Whinstone Mungo 760;9768;7130
Вытяжка Falmec Iris Malizia 60/600;39847;31080
Микроволновая печь Midea AW 925 EHU;9281;5104
Кофеварка Caso Coffee One;6237;8731
Весы Redmond RS-M737;880;1038
Фен Delta DL-0442;809;728
Кухонная мойка Ulgran U-202;4862;6952
Пылесос Hotpoint-Ariston SL M07 A3E;9117;10211
Пылесос KITFORT KT-515;5258;5941
Вытяжка MAUNFELD CLYDE C 60;7951;5327
Стиральная машина Daewoo DWD-CV701PC;21781;30711
Электродуховка AVEX TR350BCL;5761;4147
Плита Gorenje K 6121;24288;12872
Кулер для воды Aqua Work 712-S-W;10505;7143
Весы Unit UBS-2153;891;766
Маникюрный набор Smile MPS 3400;748;508
Плита Bosch HCA 644150R;38967;22990
Фильтр для воды ITAP 192 4;9299;12553
Плита Gefest 5140;9949;13928
Мясорубка Apach ATI22UT;53108;46203
Кухонная мойка Alveus Line 10;47569;57558
Микроволновая печь Sharp R 2495ST;6941;9439
Весы Mayer & Boch MB 10954;829;1036
Вытяжка Shindo Ganimed 900;12100;16819
Маникюрный набор GEZAtone 126D;1636;1243
Пылесос Daewoo RGJ-220;2165;1667
Вибротренажер Clear Fit CF-PLATE Force 501;133089;191648
Водонагреватель Zanussi Premiero [ZWH/S-80 Premiero];6809;8783
Духовой шкаф Hotpoint-Ariston FH G;24981;31725
Плита De Luxe 5040.30;12287;11058
Швейная машина, оверлок Jaguar 780;6710;8924
Вытяжка Elica Coraline A/90 Noce;22673;30835
Холодильник Shivaki BMR 1881 DNF;21499;13759
Вытяжка Falmec Diamante 90/800;61040;50663
Вытяжка Falmec Torcello 65/800 Isola;132932;114321
Электрочайник Unit UEK-258;1965;2358
Вытяжка Lex Simple 500;2984;1969
Вытяжка Shindo Emi 60;2079;2702
Швейная машина, оверлок AstraLux SR38;9900;8316
Кухонная мойка GranFest Practic GF-P420;4290;3131
Вытяжка Faber Lithos A 45;30723;24271
Весы Medisana PS 72;1419;993
Кухонная мойка Alveus Trend 40;10076;13501
Вытяжка Bosch DWB 098J50;54987;64884
Варочная поверхность Lex EVH 430;7964;5176
Вытяжка Elikor Graphite 60;14729;9868
Вытяжка De'Longhi KD-LN 60;6490;9150
Уборочная машина Ghibli ROLLY 7 1/2 M 33 BC 10 Ah;138490;72014
Стиральная машина Siemens WM 12N290;36479;28453
Вытяжка Smeg KTS75C;84493;118290
Утюг Vitesse VS-6007;1551;2124
Плита Kromax IP-46;1868;952
Кухонный комбайн Gorenje MMC 1500;20394;27939
Швейная машина, оверлок Brother RS-45S;8140;4721
Кухонная мойка Mixline ML-GM11;3402;1701
Соковыжималка Eltron EL-3852;3444;4683
Кухонная мойка Blanco Zenar XL 6S;27151;23892
Варочная поверхность Neff T 18TS28N0;55991;75587
Посудомоечная машина Indesit DSG 263;22759;17524
Вытяжка Korting KHI 6673;8791;12746
Весы Medisana BS 430;5223;7468
Вытяжка MAUNFELD BOX 60;10637;15530
Микроволновая печь Candy CMXG 20 DR;5538;7310
Стиральная машина Candy GVS34 116 D2;14888;10272
Варочная поверхность Neff T 16TS78N0;41789;58922
Холодильник Liebherr K 2814;35035;49399
Винный шкаф Climadiff CLA210A;154000;180180
Кухонная мойка Eurodomo BLX-720;4290;3646
Пароочиститель Kromax Rimmini-7100;5102;4591
Вытяжка Bosch DWK 97JM20;42869;60873
Вытяжка Falmec Ellittica 70/800 Isola;120835;93042
Фен Supra HSS-1220;647;478
Фен Irit IR-3162;308;231
Кухонная мойка Franke Argos AGX 211-86;35662;29956
Фен Philips HPS 910;4719;3067
Вытяжка Faber Cubia A 60;46125;68726
Варочная поверхность Indesit PIM 640 AS;16201;20089
Варочная поверхность RICCI RGN-KA-4009;7106;9593
Утюг Philips GC 2980;3133;3634
Кухонная мойка Zorg SH-X-6050;11583;16911
Водонагреватель Hotpoint-Ariston ABS PRO ECO PW Slim [ABS PRO ECO PW 30V Slim];7964;5335
Холодильник Electrolux ERF 4162;73689;44950
Фен PARLUX 3800;11423;14278
Пылесос Bort BSS-1440-Pro;7812;5312
Весы Scarlett SC-BS33ED85;1172;668
Плита Hansa FCMW53000;10890;12850
Вытяжка Faber Glassy A 90;25410;33033
Хлебопечка Midea EHS20Q3;3512;2072
Пылесос Cleanfix S 20;25289;13150
Плита Gorenje GI 532 IN;34904;19546
Вытяжка MAUNFELD LEE ISLA 40;40693;55342
Тостер OLTO WA-2017;2198;2857
Вытяжка NODOR Icon;75174;42849
Вытяжка Elica Cube A/60;16500;11054
Водонагреватель Timberk WHN [WHN-5 OS];6226;9027
Стиральная машина AEG L 59869;85789;107236
Встраиваемый винный шкаф Dunavox DX-181.490DBK;206679;124007
Холодильник Smeg SMEG500;645139;399986
Вытяжка Jet Air Shine 55;18887;24175
Духовой шкаф Gorenje BCM 547 INB;67089;87886
Вытяжка MAUNFELD VENERA 70;38021;19010
Весы Beurer KS52;2310;3234
Холодильник POZIS RD-149;25839;16020
Микроволновая печь Gorenje MO-200 MS;4609;2719
Вытяжка Faber Life A 80;141487;82062
Весы LUMME LU-1326;220;299
Маникюрный набор Supra MPS-110;1197;957
Духовой шкаф Asko OT 8636;49391;36549
Вытяжка Midea MH 60AN780;15070;18536
Вытяжка Neff D 76S21 N0;52349;65436
Микроволновая печь MAUNFELD MFSMO.20.7 SGW;7253;6165
Плита Mechta 221-01GE;5610;7853
Мультиварка LUMME LU-1450;2519;1939
Швейная машина, оверлок Jaguar 145;6270;4138
Вытяжка Beltratto CPG 120I;30767;36612
Утюг Bosch TDA 5024;4169;5669
Весы Leran EK 9610K;649;778
Винный шкаф La Sommeliere LS28;41580;34511
Вытяжка Teka DG3 60;18800;14664
Микроволновая печь Saturn ST-MW7158G;5692;8481
Холодильник Beko DS 325000;18910;16073
Варочная поверхность Leran GH 64521;13739;9754
Водонагреватель Zanussi Premiero [ZWH/S-80 Premiero];6809;9328
Микроволновая печь Shivaki SMW2007EW;4697;6293
Духовой шкаф Nardi FEX 9758;24792;13387
Пароочиститель Polti Vaporetto SV330 Multibrush;10519;8625
Массажер для тела HoMedics YMM-1500-EU;27489;31062
Массажер для тела Sanitas SMG 11;660;877
Пылесос Miele Complete C3;15830;8389
Швейная машина, оверлок Toyota Oekaki 50;32890;25325
Вытяжка Smeg KCL900PO;85019;127528
Вытяжка Elikor Onyx 60;13414;9255
Стиральная машина Hitachi BD-W75SAE;43989;63784
Электрочайник Polaris PWK 1843CA;1426;884
Духовой шкаф Smeg SF341GV;59125;88096
Вытяжка Krona Kirsa 500 Push Button;14949;12557
Вытяжка Elikor Amethyst 50;7678;6603
Электрочайник Panasonic NC-EG3000;6347;4696
Швейная машина, оверлок BERNINA Aurora 440;57750;80850
Весы Supra BSS-4077;422;219
Варочная поверхность Weissgauff HV 6540;10989;8461
Холодильник Liebherr CU 3311;31946;23640
Утюг Termozeta Super Compact;14685;21146
Пылесос Arnica Merlin;3223;4028
Пылесос LG V-K89304HUM;9265;11303
Варочная поверхность Zigmund&Shtain CNS 302.30;15072;12057
Швейная машина, оверлок Juki HZL-357;16775;21639
Микроволновая печь Centek CT-1580;3619;5030
Вытяжка Teka NC2 90;18822;16186
Пылесос Makita BCL140Z;1833;2749
Электрочайник Zimber ZM-10861;686;397
Пароочиститель VAX S86-SF-C-R;13739;7556
Вытяжка Teka TL 6420;9394;13621
Стиральная машина Hansa AWB510DR;16830;9088
Тостер Saturn ST EC7023;1857;947
Водонагреватель Viessmann Vitocell 300-V EVI [Vitocell 300-V EVI 200];190157;228188
Фен Polaris PHD 1315T;803;505
Стиральная машина Indesit IWDC 7105;34442;18254
Водонагреватель Hotpoint-Ariston TI STI [TI 500 STI];115929;100858
Холодильник Hotpoint-Ariston HFP 5180;27489;30787
Встраиваемая микроволновая печь Hansa AMM20BEXH;13405;11528
Водонагреватель Bosch Tronic 8000 [ES 035-5E 0 WIR-B];9636;5685
Кофеварка Ariete 1329;15609;21696
Массажное кресло US Medica Indigo;132000;95040
Вытяжка Krona Natali 600 3P-S;16551;9434
Холодильник Liebherr CNP 4758;87989;120544
Стиральная машина LG F14A8TDS;36619;28196
Весы Atlanta ATH-6212;603;470
Посудомоечная машина Candy CDCP 8/E;13657;17890
Духовой шкаф Bosch HBG 33UE50;54437;63146
Вытяжка Kaiser A-9412;18826;13366
Весы Sanitas SBF70;4400;2200
Весы Aksion BHE-32;801;528
Винный шкаф Gemlux GL-WC-28C;32560;16605
Массажер для тела Medisana HP 620;3828;2564
Фен Dewal 03-7728;1367;710
Кухонная мойка Alveus Classic 70;6188;3341
Фен Gamma Piu Relax;6484;8623
Вытяжка Neff D 76B21 N1;16859;14835
Электрочайник LUMME LU-139;1012;698
Пылесос Bosch BGL 35SPORT;6460;5620
Весы Beurer KS44;1760;1443
Вытяжка Lex GS Gruppo 900;8228;9873
Кулер для воды Ecotronic V42-U4L;52030;58273
Вытяжка Krona Adelia 900;20517;22773
Вытяжка Krona Inga 900 Sensor;18689;22053
Весы Bekker BK-23;633;803
Пылесос Vitek VT-1826;5258;6993
Весы Scarlett SC-KS57P36;669;802
Духовой шкаф Zigmund&Shtain EN 29.921;42216;56991
Фен Sakura SA-4025;467;658
Кофеварка Aresa CM-144;943;518
Миксер Sinbo SHB-3126;1567;1943
Весы Scarlett SC-BS33E060;561;712
Электродуховка Rommelsbacher BG 1650;20449;16563
Стиральная машина Assol XPB45-168;4293;3734
Весы Kromax KS-510;500;705
Тостер Gorenje SM 703;2739;3533
Швейная машина, оверлок Jaguar V-5;5929;7411
Весы Vitek   VT-2406;964;636
Швейная машина, оверлок Minerva M190;14289;9287
Весы US Medica Promo S1;1585;1109
Фен Centek CT-2005;698;991
Швейная машина, оверлок Leader VS 400D;21989;26826
Миксер LUMME LU-1829;1104;1214
Электрочайник Atlanta ATH 2425;1027;513
Посудомоечная машина Bosch SMS 68M52;68266;47786
Варочная поверхность Neff T 46BD53N0;45868;28896
Кухонная мойка Elleci Tekno 475;23591;32791
Кухонная мойка Blanco Sona 6S;20746;27592
Вытяжка Siemens LC 91BA582;58630;29315
Пылесос Hotpoint-Ariston SL B20 AAO;8184;5237
Встраиваемый холодильник Hotpoint-Ariston BD 2422;31181;39288
Духовой шкаф Nardi FEX 47C52;29128;32040
Варочная поверхность Neff T 36FB40X0;35198;25342
Стиральная машина Electrolux EWT 1377;31889;26148
Вытяжка MAUNFELD CORSA LIGHT 50;7005;5884
Пылесос Shop-Vac Pro 60-I;26290;19454
Плита Greta 1470-00-07;9058;5525
Плита Gorenje KN 57325;26074;29463
Мясорубка Vitek VT-3622;5159;6809
Фен Saturn ST HC7337;1518;2049
Плита Flama FG 2402;7546;9055
Вытяжка Falmec Spring 80/600 Isola;194040;97020
Массажер для тела Gess Tap Pro;4574;6861
Электрочайник Kromax KR-342;729;546
Кофемолка Rommelsbacher EKM 200;4961;4167
Духовой шкаф Beltratto FSM 6401;14872;9071
Мультиварка Vitesse VS-524;5511;7605
Весы Beurer GS225;1595;1148
Кулер для воды AEL YLR2-5-X 28L-B/B;20592;11325
Духовой шкаф Hankel OKB 4228;25960;22844
Утюг Bosch TDS 1601;31790;28293
Утюг Energy EN-323;935;1402
Холодильник Atlant XM-4424N;22171;25718
Швейная машина, оверлок Brother Hanami 37S;6711;5704
Водонагреватель Reflex Storatherm Aqua AB/1 [Storatherm Aqua AB 150/1];37543;33037
Духовой шкаф Electrolux EOC 6851;75548;61193
Встраиваемая посудомоечная машина Smeg STA4523;43149;31067
Машинка для стрижки волос Philips QG-3327;3605;2523
Варочная поверхность Foster Vitroline 7351000;14023;10517
Духовой шкаф Korting OKB 9112 CJN;25276;14660
Вытяжка Elikor Gamma 60;8358;10280
Электрочайник Midea MK-8001;2189;2583
Холодильник Smeg FA8003;186524;257403
Вытяжка Darina FLAP 501;2772;2300
Вытяжка AEG X 78263 BV10;35803;25420
Вытяжка De'Longhi Argentella 50;6369;4458
Швейная машина, оверлок Janome MC 500E;82390;106283
Холодильник Candy CCPN 6180;23650;14663
Вытяжка Elikor Gamma 60;8358;4429
Вытяжка Rainford RCH-1502;3488;2267
Пылесос Philips FC 8820;24189;13303
Электрочайник JARKOFF JK-440S;3067;3864
Духовой шкаф Kaiser EH 6920;34155;18785
Варочная поверхность Simfer H 60Q40 O401;11154;7250
Холодильник Tesler RC-55;6428;8742
Весы Irit IR-7259;405;587
Вытяжка Zigmund&Shtain K 129.51;5714;8171
Кофемолка Homestar HS-2001;574;815
Кухонная мойка Smeg LMEPB77;5445;3267
Кухонная мойка Elleci Easy Round 600;16115;9669
Утюг Kelli KL-1633;812;462
Вытяжка Indesit ISLK 56 AS;4057;4543
Электродуховка Delta DL-24;3476;1807
Пылесос Samsung SC-21F60JK;12089;16924
Фритюрница Sinbo SDF-3817;2772;3742
Варочная поверхность Kuppersberg TS 62;11990;7194
Весы Hottek HT-962-010;696;911
Швейная машина, оверлок Juki PE-1500;43890;63640
Фен Vitek VT-8238;2142;1092
Микроволновая печь Panasonic NN-SD36HB;9075;10345
Швейная машина, оверлок Janome 1143;5599;3415
Духовой шкаф Smeg SI850;44878;57443
Духовой шкаф Siemens HB 38G4580;82698;119912
Холодильник LG GA-B499ZVSP;57404;39608
Вытяжка Elica Elite 14 STD A/60;7052;6205
Вытяжка Krona Kamilla Slim 500;4225;5196
Холодильник Samsung RB37J5000SS;39270;49087
Электрочайник Scarlett SC-EK18P15;1045;1452
Швейная машина, оверлок Brother Innov-is 97E;32246;23539
Духовой шкаф Electrolux EOB 98751;92431;122008
Водонагреватель Termet TermaQ [TermaQ G-19-01];12342;16538
Фен Galaxy GL4303;446;508
Вытяжка Lex Inbox 500;5148;3758
Водонагреватель Timberk SWH RE11 SL [SWH RE11 30 SL];5423;7754
Стиральная машина Indesit NWSK 6125;23749;26836
Весы Yunmai Mini Smart Scale;2181;2900
Кулер для воды Ecotronic K1-TN;4510;2660
Варочная поверхность Gorenje GT 7P2;36166;40505
Холодильник Liebherr CNef 3515;37287;30575
Духовой шкаф Weissgauff OE 19;24550;19149
Тостер Waring WW200;42099;54307
Плита Galaxy GL 3053;1265;721
Электродуховка AVEX TR350BCL;5472;6183
Пароочиститель Bradex TD 0064;3297;1681